1/1/2018 00:00,49.62
1/1/2018 01:00,48.15
1/1/2018 02:00,47.64
1/1/2018 03:00,46.33
1/1/2018 04:00,45.25
1/1/2018 05:00,44.26
1/1/2018 06:00,43.07
1/1/2018 07:00,42.62
1/1/2018 08:00,42.67
1/1/2018 09:00,44.15
1/1/2018 10:00,44.98
1/1/2018 11:00,46.08
1/1/2018 12:00,49.06
1/1/2018 13:00,48.4
1/1/2018 14:00,46.94
1/1/2018 15:00,46.76
1/1/2018 16:00,46.54
1/1/2018 17:00,43.75
1/1/2018 18:00,43.29
1/1/2018 19:00,43.12
1/1/2018 20:00,43.61
1/1/2018 21:00,43.05
1/1/2018 22:00,41.32
1/1/2018 23:00,41.9
1/2/2018 00:00,40.87
1/2/2018 01:00,40.12
1/2/2018 02:00,40.06
1/2/2018 03:00,39.88
1/2/2018 04:00,39.61
1/2/2018 05:00,39.36
1/2/2018 06:00,39.11
1/2/2018 07:00,38.66
1/2/2018 08:00,38.89
1/2/2018 09:00,39.92
1/2/2018 10:00,40.91
1/2/2018 11:00,41.83
1/2/2018 12:00,44.6
1/2/2018 13:00,45.01
1/2/2018 14:00,45.84
1/2/2018 15:00,46.15
1/2/2018 16:00,44.76
1/2/2018 17:00,44.19
1/2/2018 18:00,44.15
1/2/2018 19:00,44.33
1/2/2018 20:00,41.04
1/2/2018 21:00,40.39
1/2/2018 22:00,41.72
1/2/2018 23:00,44.58
1/3/2018 00:00,47.79
1/3/2018 01:00,49.21
1/3/2018 02:00,49.64
1/3/2018 03:00,49.98
1/3/2018 04:00,51.78
1/3/2018 05:00,52.47
1/3/2018 06:00,53.69
1/3/2018 07:00,54.41
1/3/2018 08:00,53.51
1/3/2018 09:00,52.81
1/3/2018 10:00,50.63
1/3/2018 11:00,49.48
1/3/2018 12:00,43.36
1/3/2018 13:00,46.56
1/3/2018 14:00,45.81
1/3/2018 15:00,45.07
1/3/2018 16:00,44.19
1/3/2018 17:00,43.5
1/3/2018 18:00,43.23
1/3/2018 19:00,43.36
1/3/2018 20:00,43.41
1/3/2018 21:00,43.79
1/3/2018 22:00,44.13
1/3/2018 23:00,44.42
1/4/2018 00:00,45.03
1/4/2018 01:00,43.92
1/4/2018 02:00,43.72
1/4/2018 03:00,43.84
1/4/2018 04:00,44.06
1/4/2018 05:00,44.73
1/4/2018 06:00,44.67
1/4/2018 07:00,45.07
1/4/2018 08:00,48.2
1/4/2018 09:00,51.8
1/4/2018 10:00,52.68
1/4/2018 11:00,54.34
1/4/2018 12:00,55.56
1/4/2018 13:00,54.97
1/4/2018 14:00,54.72
1/4/2018 15:00,54.72
1/4/2018 16:00,54.34
1/4/2018 17:00,53.91
1/4/2018 18:00,53.98
1/4/2018 19:00,53.46
1/4/2018 20:00,53.26
1/4/2018 21:00,52.86
1/4/2018 22:00,52.72
1/4/2018 23:00,52.34
1/5/2018 00:00,52.11
1/5/2018 01:00,51.51
1/5/2018 02:00,50.25
1/5/2018 03:00,49.82
1/5/2018 04:00,49.86
1/5/2018 05:00,48.33
1/5/2018 06:00,47.77
1/5/2018 07:00,49.14
1/5/2018 08:00,49.5
1/5/2018 09:00,52.5
1/5/2018 10:00,53.85
1/5/2018 11:00,55.51
1/5/2018 12:00,58.17
1/5/2018 13:00,56.68
1/5/2018 14:00,55.99
1/5/2018 15:00,57.22
1/5/2018 16:00,55.44
1/5/2018 17:00,53.35
1/5/2018 18:00,53.47
1/5/2018 19:00,52.36
1/5/2018 20:00,50.18
1/5/2018 21:00,49.71
1/5/2018 22:00,49.12
1/5/2018 23:00,48.22
1/6/2018 00:00,47.57
1/6/2018 01:00,47.68
1/6/2018 02:00,47.62
1/6/2018 03:00,47.59
1/6/2018 04:00,47.19
1/6/2018 05:00,46.33
1/6/2018 06:00,45.7
1/6/2018 07:00,44.24
1/6/2018 08:00,42.98
1/6/2018 09:00,44.82
1/6/2018 10:00,48.56
1/6/2018 11:00,50.76
1/6/2018 12:00,53.28
1/6/2018 13:00,54.12
1/6/2018 14:00,54.27
1/6/2018 15:00,53.11
1/6/2018 16:00,51.06
1/6/2018 17:00,48.34
1/6/2018 18:00,45.48
1/6/2018 19:00,44.47
1/6/2018 20:00,44.42
1/6/2018 21:00,43.79
1/6/2018 22:00,42.78
1/6/2018 23:00,43.23
1/7/2018 00:00,43.45
1/7/2018 01:00,43.21
1/7/2018 02:00,42.57
1/7/2018 03:00,41.76
1/7/2018 04:00,41
1/7/2018 05:00,41.09
1/7/2018 06:00,41.4
1/7/2018 07:00,40.1
1/7/2018 08:00,39.58
1/7/2018 09:00,41.34
1/7/2018 10:00,42.58
1/7/2018 11:00,43.54
1/7/2018 12:00,43.63
1/7/2018 13:00,45.93
1/7/2018 14:00,47.68
1/7/2018 15:00,48.63
1/7/2018 16:00,47.55
1/7/2018 17:00,46.26
1/7/2018 18:00,45.14
1/7/2018 19:00,44.44
1/7/2018 20:00,44.38
1/7/2018 21:00,43.65
1/7/2018 22:00,43.05
1/7/2018 23:00,42.26
1/8/2018 00:00,40.77
1/8/2018 01:00,39.83
1/8/2018 02:00,39.33
1/8/2018 03:00,39.31
1/8/2018 04:00,38.95
1/8/2018 05:00,38.03
1/8/2018 06:00,37.72
1/8/2018 07:00,37.42
1/8/2018 08:00,37.53
1/8/2018 09:00,38.43
1/8/2018 10:00,40.01
1/8/2018 11:00,42.28
1/8/2018 12:00,51.98
1/8/2018 13:00,54.09
1/8/2018 14:00,54.52
1/8/2018 15:00,53.92
1/8/2018 16:00,47.82
1/8/2018 17:00,44.62
1/8/2018 18:00,43.88
1/8/2018 19:00,43.65
1/8/2018 20:00,44.08
1/8/2018 21:00,44.46
1/8/2018 22:00,45.9
1/8/2018 23:00,45.99
1/9/2018 00:00,44.6
1/9/2018 01:00,42.76
1/9/2018 02:00,39.15
1/9/2018 03:00,38.61
1/9/2018 04:00,39.49
1/9/2018 05:00,39.33
1/9/2018 06:00,40.5
1/9/2018 07:00,40.89
1/9/2018 08:00,41.29
1/9/2018 09:00,43.03
1/9/2018 10:00,46.87
1/9/2018 11:00,49.05
1/9/2018 12:00,49.68
1/9/2018 13:00,52.14
1/9/2018 14:00,53.58
1/9/2018 15:00,52.25
1/9/2018 16:00,52.27
1/9/2018 17:00,52.16
1/9/2018 18:00,50.16
1/9/2018 19:00,47.86
1/9/2018 20:00,47.86
1/9/2018 21:00,48.36
1/9/2018 22:00,47.64
1/9/2018 23:00,46.49
1/10/2018 00:00,45.54
1/10/2018 01:00,44.82
1/10/2018 02:00,45.46
1/10/2018 03:00,45.52
1/10/2018 04:00,44.24
1/10/2018 05:00,41.32
1/10/2018 06:00,40.91
1/10/2018 07:00,39.63
1/10/2018 08:00,40.23
1/10/2018 09:00,44.56
1/10/2018 10:00,48
1/10/2018 11:00,50.47
1/10/2018 12:00,51.89
1/10/2018 13:00,52.43
1/10/2018 14:00,51.69
1/10/2018 15:00,49.69
1/10/2018 16:00,48.52
1/10/2018 17:00,47.26
1/10/2018 18:00,44.13
1/10/2018 19:00,42.94
1/10/2018 20:00,43.5
1/10/2018 21:00,42.37
1/10/2018 22:00,39.29
1/10/2018 23:00,39.81
1/11/2018 00:00,42.57
1/11/2018 01:00,44.08
1/11/2018 02:00,42.26
1/11/2018 03:00,41.25
1/11/2018 04:00,40.33
1/11/2018 05:00,40.03
1/11/2018 06:00,39.67
1/11/2018 07:00,39.56
1/11/2018 08:00,39.92
1/11/2018 09:00,41.43
1/11/2018 10:00,43.9
1/11/2018 11:00,45.79
1/11/2018 12:00,46.6
1/11/2018 13:00,47.23
1/11/2018 14:00,47.71
1/11/2018 15:00,46.9
1/11/2018 16:00,46.13
1/11/2018 17:00,45.5
1/11/2018 18:00,44.62
1/11/2018 19:00,43.97
1/11/2018 20:00,43.52
1/11/2018 21:00,42.93
1/11/2018 22:00,42.33
1/11/2018 23:00,41.65
1/12/2018 00:00,41.04
1/12/2018 01:00,40.57
1/12/2018 02:00,40.21
1/12/2018 03:00,39.88
1/12/2018 04:00,39.56
1/12/2018 05:00,39.06
1/12/2018 06:00,38.8
1/12/2018 07:00,38.71
1/12/2018 08:00,39.15
1/12/2018 09:00,40.6
1/12/2018 10:00,43
1/12/2018 11:00,45.01
1/12/2018 12:00,41.23
1/12/2018 13:00,40.39
1/12/2018 14:00,39.78
1/12/2018 15:00,40.01
1/12/2018 16:00,40.08
1/12/2018 17:00,40.32
1/12/2018 18:00,40.26
1/12/2018 19:00,39.94
1/12/2018 20:00,39.81
1/12/2018 21:00,39.4
1/12/2018 22:00,39.13
1/12/2018 23:00,38.26
1/13/2018 00:00,36.03
1/13/2018 01:00,35.19
1/13/2018 02:00,34.3
1/13/2018 03:00,34.12
1/13/2018 04:00,34.45
1/13/2018 05:00,34.3
1/13/2018 06:00,33.76
1/13/2018 07:00,33.1
1/13/2018 08:00,32.86
1/13/2018 09:00,33.87
1/13/2018 10:00,35.53
1/13/2018 11:00,37.76
1/13/2018 12:00,41.13
1/13/2018 13:00,43.11
1/13/2018 14:00,44.19
1/13/2018 15:00,44.1
1/13/2018 16:00,42.26
1/13/2018 17:00,39.42
1/13/2018 18:00,36.82
1/13/2018 19:00,34.2
1/13/2018 20:00,32.43
1/13/2018 21:00,31.91
1/13/2018 22:00,32.67
1/13/2018 23:00,34.43
1/14/2018 00:00,33.91
1/14/2018 01:00,32.88
1/14/2018 02:00,32.25
1/14/2018 03:00,31.46
1/14/2018 04:00,31.37
1/14/2018 05:00,31.57
1/14/2018 06:00,32.05
1/14/2018 07:00,31.91
1/14/2018 08:00,32.47
1/14/2018 09:00,34.52
1/14/2018 10:00,36.79
1/14/2018 11:00,38.89
1/14/2018 12:00,43.3
1/14/2018 13:00,45.16
1/14/2018 14:00,45.63
1/14/2018 15:00,44.76
1/14/2018 16:00,42.76
1/14/2018 17:00,40.19
1/14/2018 18:00,37.54
1/14/2018 19:00,36.3
1/14/2018 20:00,35.64
1/14/2018 21:00,34.81
1/14/2018 22:00,33.94
1/14/2018 23:00,32.85
1/15/2018 00:00,34.07
1/15/2018 01:00,34.12
1/15/2018 02:00,33.82
1/15/2018 03:00,34.63
1/15/2018 04:00,34.95
1/15/2018 05:00,35.89
1/15/2018 06:00,35.78
1/15/2018 07:00,35.89
1/15/2018 08:00,37.11
1/15/2018 09:00,38.61
1/15/2018 10:00,41.63
1/15/2018 11:00,45.61
1/15/2018 12:00,48.29
1/15/2018 13:00,50.76
1/15/2018 14:00,50.29
1/15/2018 15:00,47.53
1/15/2018 16:00,45.95
1/15/2018 17:00,45.1
1/15/2018 18:00,45
1/15/2018 19:00,45.41
1/15/2018 20:00,45.7
1/15/2018 21:00,45.25
1/15/2018 22:00,44.22
1/15/2018 23:00,44.44
1/16/2018 00:00,44.31
1/16/2018 01:00,44.58
1/16/2018 02:00,44.38
1/16/2018 03:00,43.93
1/16/2018 04:00,43.9
1/16/2018 05:00,43.68
1/16/2018 06:00,43.74
1/16/2018 07:00,44.11
1/16/2018 08:00,44.56
1/16/2018 09:00,45.61
1/16/2018 10:00,45.77
1/16/2018 11:00,46.31
1/16/2018 12:00,48.56
1/16/2018 13:00,47.89
1/16/2018 14:00,47.23
1/16/2018 15:00,46.72
1/16/2018 16:00,46.06
1/16/2018 17:00,45.59
1/16/2018 18:00,45.18
1/16/2018 19:00,44.55
1/16/2018 20:00,44.04
1/16/2018 21:00,43.21
1/16/2018 22:00,42.91
1/16/2018 23:00,42.53
1/17/2018 00:00,41.95
1/17/2018 01:00,40.75
1/17/2018 02:00,40.24
1/17/2018 03:00,39.65
1/17/2018 04:00,38.84
1/17/2018 05:00,37.99
1/17/2018 06:00,37.65
1/17/2018 07:00,37.09
1/17/2018 08:00,37.31
1/17/2018 09:00,38.14
1/17/2018 10:00,38.55
1/17/2018 11:00,39.51
1/17/2018 12:00,37.89
1/17/2018 13:00,38.73
1/17/2018 14:00,38.95
1/17/2018 15:00,38.7
1/17/2018 16:00,37.44
1/17/2018 17:00,36.97
1/17/2018 18:00,37.08
1/17/2018 19:00,36.9
1/17/2018 20:00,36.07
1/17/2018 21:00,36.82
1/17/2018 22:00,37.09
1/17/2018 23:00,37.29
1/18/2018 00:00,37.36
1/18/2018 01:00,37.74
1/18/2018 02:00,38.12
1/18/2018 03:00,38.35
1/18/2018 04:00,38.52
1/18/2018 05:00,38.93
1/18/2018 06:00,39.65
1/18/2018 07:00,39.31
1/18/2018 08:00,41.23
1/18/2018 09:00,43.11
1/18/2018 10:00,44.47
1/18/2018 11:00,46.36
1/18/2018 12:00,48.04
1/18/2018 13:00,48.88
1/18/2018 14:00,49.17
1/18/2018 15:00,49.08
1/18/2018 16:00,47.79
1/18/2018 17:00,47.68
1/18/2018 18:00,47.79
1/18/2018 19:00,47.84
1/18/2018 20:00,47.97
1/18/2018 21:00,47.5
1/18/2018 22:00,46.94
1/18/2018 23:00,46.56
1/19/2018 00:00,45.45
1/19/2018 01:00,43.81
1/19/2018 02:00,41.94
1/19/2018 03:00,41.22
1/19/2018 04:00,40.78
1/19/2018 05:00,40.28
1/19/2018 06:00,39.6
1/19/2018 07:00,39.13
1/19/2018 08:00,38.75
1/19/2018 09:00,39.81
1/19/2018 10:00,40.48
1/19/2018 11:00,40.51
1/19/2018 12:00,42.4
1/19/2018 13:00,43.99
1/19/2018 14:00,43.23
1/19/2018 15:00,41.88
1/19/2018 16:00,41.29
1/19/2018 17:00,40.77
1/19/2018 18:00,39.34
1/19/2018 19:00,38.05
1/19/2018 20:00,37.18
1/19/2018 21:00,37.38
1/19/2018 22:00,36.82
1/19/2018 23:00,36.88
1/20/2018 00:00,37.33
1/20/2018 01:00,37.27
1/20/2018 02:00,37.11
1/20/2018 03:00,36.52
1/20/2018 04:00,36.61
1/20/2018 05:00,36.14
1/20/2018 06:00,36.23
1/20/2018 07:00,36.93
1/20/2018 08:00,38.39
1/20/2018 09:00,39.67
1/20/2018 10:00,40.19
1/20/2018 11:00,41
1/20/2018 12:00,42.73
1/20/2018 13:00,41.52
1/20/2018 14:00,41.88
1/20/2018 15:00,41.58
1/20/2018 16:00,41.5
1/20/2018 17:00,45.64
1/20/2018 18:00,46.27
1/20/2018 19:00,45.97
1/20/2018 20:00,45.09
1/20/2018 21:00,44.02
1/20/2018 22:00,42.51
1/20/2018 23:00,41.22
1/21/2018 00:00,40.48
1/21/2018 01:00,39.15
1/21/2018 02:00,38.14
1/21/2018 03:00,38.1
1/21/2018 04:00,37.98
1/21/2018 05:00,37.65
1/21/2018 06:00,37.56
1/21/2018 07:00,37.18
1/21/2018 08:00,37.83
1/21/2018 09:00,38.68
1/21/2018 10:00,40.01
1/21/2018 11:00,41.23
1/21/2018 12:00,41.45
1/21/2018 13:00,41.56
1/21/2018 14:00,41.67
1/21/2018 15:00,42.33
1/21/2018 16:00,41.76
1/21/2018 17:00,41.22
1/21/2018 18:00,41.14
1/21/2018 19:00,41.14
1/21/2018 20:00,40.96
1/21/2018 21:00,39.63
1/21/2018 22:00,39.29
1/21/2018 23:00,39.25
1/22/2018 00:00,40.41
1/22/2018 01:00,44.71
1/22/2018 02:00,47.26
1/22/2018 03:00,47.86
1/22/2018 04:00,48.52
1/22/2018 05:00,48.81
1/22/2018 06:00,49.08
1/22/2018 07:00,49.06
1/22/2018 08:00,49.5
1/22/2018 09:00,49.71
1/22/2018 10:00,50.16
1/22/2018 11:00,50.31
1/22/2018 12:00,52.2
1/22/2018 13:00,54.05
1/22/2018 14:00,53.51
1/22/2018 15:00,52.97
1/22/2018 16:00,45.81
1/22/2018 17:00,46.6
1/22/2018 18:00,46.29
1/22/2018 19:00,45.54
1/22/2018 20:00,46.76
1/22/2018 21:00,46.72
1/22/2018 22:00,46.26
1/22/2018 23:00,46.13
1/23/2018 00:00,43.38
1/23/2018 01:00,43.21
1/23/2018 02:00,44.8
1/23/2018 03:00,42.26
1/23/2018 04:00,41.88
1/23/2018 05:00,42.08
1/23/2018 06:00,42.53
1/23/2018 07:00,41.16
1/23/2018 08:00,41.13
1/23/2018 09:00,44.58
1/23/2018 10:00,48.33
1/23/2018 11:00,50.11
1/23/2018 12:00,46.98
1/23/2018 13:00,47.46
1/23/2018 14:00,48.11
1/23/2018 15:00,48.04
1/23/2018 16:00,46.96
1/23/2018 17:00,45.55
1/23/2018 18:00,44.73
1/23/2018 19:00,45.23
1/23/2018 20:00,43.88
1/23/2018 21:00,42.93
1/23/2018 22:00,43.47
1/23/2018 23:00,42.96
1/24/2018 00:00,43.29
1/24/2018 01:00,44.56
1/24/2018 02:00,45.52
1/24/2018 03:00,46.27
1/24/2018 04:00,46.09
1/24/2018 05:00,45.16
1/24/2018 06:00,44.06
1/24/2018 07:00,43.79
1/24/2018 08:00,43.7
1/24/2018 09:00,44.76
1/24/2018 10:00,48.65
1/24/2018 11:00,52.34
1/24/2018 12:00,54.12
1/24/2018 13:00,56.35
1/24/2018 14:00,58.66
1/24/2018 15:00,58.37
1/24/2018 16:00,54.43
1/24/2018 17:00,50.67
1/24/2018 18:00,49.82
1/24/2018 19:00,50.14
1/24/2018 20:00,50.49
1/24/2018 21:00,50.23
1/24/2018 22:00,50.23
1/24/2018 23:00,49.8
1/25/2018 00:00,49.33
1/25/2018 01:00,48.11
1/25/2018 02:00,46.11
1/25/2018 03:00,44.92
1/25/2018 04:00,44.51
1/25/2018 05:00,43.97
1/25/2018 06:00,44.02
1/25/2018 07:00,44.04
1/25/2018 08:00,45.54
1/25/2018 09:00,47.52
1/25/2018 10:00,49.23
1/25/2018 11:00,51.58
1/25/2018 12:00,51.48
1/25/2018 13:00,52.45
1/25/2018 14:00,54.34
1/25/2018 15:00,56.77
1/25/2018 16:00,56.07
1/25/2018 17:00,51.71
1/25/2018 18:00,50.56
1/25/2018 19:00,51.1
1/25/2018 20:00,49.37
1/25/2018 21:00,46.98
1/25/2018 22:00,45.97
1/25/2018 23:00,45.23
1/26/2018 00:00,45.45
1/26/2018 01:00,44.42
1/26/2018 02:00,43.79
1/26/2018 03:00,44.19
1/26/2018 04:00,44.51
1/26/2018 05:00,44.51
1/26/2018 06:00,43.86
1/26/2018 07:00,44.02
1/26/2018 08:00,43.36
1/26/2018 09:00,44.56
1/26/2018 10:00,45.28
1/26/2018 11:00,45.61
1/26/2018 12:00,45.77
1/26/2018 13:00,45.84
1/26/2018 14:00,46.6
1/26/2018 15:00,46.96
1/26/2018 16:00,46.8
1/26/2018 17:00,45.59
1/26/2018 18:00,44.8
1/26/2018 19:00,43.77
1/26/2018 20:00,43.2
1/26/2018 21:00,43.18
1/26/2018 22:00,42.73
1/26/2018 23:00,42.49
1/27/2018 00:00,42.53
1/27/2018 01:00,42.19
1/27/2018 02:00,41.99
1/27/2018 03:00,41.92
1/27/2018 04:00,41.94
1/27/2018 05:00,41.85
1/27/2018 06:00,41.5
1/27/2018 07:00,41.63
1/27/2018 08:00,42.31
1/27/2018 09:00,44.02
1/27/2018 10:00,46.44
1/27/2018 11:00,48.04
1/27/2018 12:00,48.47
1/27/2018 13:00,48.6
1/27/2018 14:00,49.15
1/27/2018 15:00,49.5
1/27/2018 16:00,48.79
1/27/2018 17:00,48.04
1/27/2018 18:00,47.62
1/27/2018 19:00,47.32
1/27/2018 20:00,47.01
1/27/2018 21:00,46.06
1/27/2018 22:00,43.07
1/27/2018 23:00,40.93
1/28/2018 00:00,39.9
1/28/2018 01:00,39.06
1/28/2018 02:00,39.04
1/28/2018 03:00,37.44
1/28/2018 04:00,36.7
1/28/2018 05:00,36.05
1/28/2018 06:00,36.36
1/28/2018 07:00,36.84
1/28/2018 08:00,37.35
1/28/2018 09:00,40.87
1/28/2018 10:00,46.08
1/28/2018 11:00,49.06
1/28/2018 12:00,48.79
1/28/2018 13:00,49.64
1/28/2018 14:00,49.93
1/28/2018 15:00,50.88
1/28/2018 16:00,49.6
1/28/2018 17:00,48
1/28/2018 18:00,46.94
1/28/2018 19:00,46.15
1/28/2018 20:00,45.43
1/28/2018 21:00,44.74
1/28/2018 22:00,43.14
1/28/2018 23:00,43.68
1/29/2018 00:00,43.95
1/29/2018 01:00,42.57
1/29/2018 02:00,41.86
1/29/2018 03:00,41.88
1/29/2018 04:00,41.54
1/29/2018 05:00,40.55
1/29/2018 06:00,39.47
1/29/2018 07:00,38.68
1/29/2018 08:00,39.33
1/29/2018 09:00,43.14
1/29/2018 10:00,47.59
1/29/2018 11:00,49.32
1/29/2018 12:00,50.54
1/29/2018 13:00,50.99
1/29/2018 14:00,50.52
1/29/2018 15:00,49.62
1/29/2018 16:00,47.91
1/29/2018 17:00,45.75
1/29/2018 18:00,44.62
1/29/2018 19:00,43.72
1/29/2018 20:00,43.11
1/29/2018 21:00,42.49
1/29/2018 22:00,42.28
1/29/2018 23:00,42.48
1/30/2018 00:00,43.05
1/30/2018 01:00,42.55
1/30/2018 02:00,41.23
1/30/2018 03:00,41.29
1/30/2018 04:00,41.18
1/30/2018 05:00,41.76
1/30/2018 06:00,41.9
1/30/2018 07:00,42.06
1/30/2018 08:00,43.36
1/30/2018 09:00,45.84
1/30/2018 10:00,49.35
1/30/2018 11:00,51.22
1/30/2018 12:00,50.81
1/30/2018 13:00,51.42
1/30/2018 14:00,51.66
1/30/2018 15:00,51.28
1/30/2018 16:00,50.83
1/30/2018 17:00,49.48
1/30/2018 18:00,48.58
1/30/2018 19:00,47.25
1/30/2018 20:00,46.26
1/30/2018 21:00,45.07
1/30/2018 22:00,43.29
1/30/2018 23:00,42.21
1/31/2018 00:00,42.44
1/31/2018 01:00,41.58
1/31/2018 02:00,40.78
1/31/2018 03:00,40.51
1/31/2018 04:00,40.03
1/31/2018 05:00,41.09
1/31/2018 06:00,40.32
1/31/2018 07:00,39.09
1/31/2018 08:00,40.24
1/31/2018 09:00,44.31
1/31/2018 10:00,49.28
1/31/2018 11:00,50.7
1/31/2018 12:00,53.44
1/31/2018 13:00,55.29
1/31/2018 14:00,55.24
1/31/2018 15:00,55.13
1/31/2018 16:00,54.32
1/31/2018 17:00,51.49
1/31/2018 18:00,51.1
1/31/2018 19:00,52.29
1/31/2018 20:00,50.31
1/31/2018 21:00,48.34
1/31/2018 22:00,47.41
1/31/2018 23:00,45.23
2/1/2018 00:00,44.15
2/1/2018 01:00,43.99
2/1/2018 02:00,43.12
2/1/2018 03:00,43.25
2/1/2018 04:00,41.23
2/1/2018 05:00,40.23
2/1/2018 06:00,37.06
2/1/2018 07:00,36.41
2/1/2018 08:00,37.72
2/1/2018 09:00,39.88
2/1/2018 10:00,41.36
2/1/2018 11:00,42.69
2/1/2018 12:00,43.56
2/1/2018 13:00,44.1
2/1/2018 14:00,43.72
2/1/2018 15:00,43.41
2/1/2018 16:00,42.35
2/1/2018 17:00,40.78
2/1/2018 18:00,40.26
2/1/2018 19:00,39.83
2/1/2018 20:00,39.54
2/1/2018 21:00,35.64
2/1/2018 22:00,34.77
2/1/2018 23:00,33.82
2/2/2018 00:00,33.15
2/2/2018 01:00,32.38
2/2/2018 02:00,31.57
2/2/2018 03:00,31.75
2/2/2018 04:00,32.09
2/2/2018 05:00,32.32
2/2/2018 06:00,31.59
2/2/2018 07:00,31.26
2/2/2018 08:00,33.04
2/2/2018 09:00,35.98
2/2/2018 10:00,37.63
2/2/2018 11:00,39.24
2/2/2018 12:00,41.34
2/2/2018 13:00,41.45
2/2/2018 14:00,41.88
2/2/2018 15:00,41.11
2/2/2018 16:00,40.62
2/2/2018 17:00,37.99
2/2/2018 18:00,36.12
2/2/2018 19:00,34.36
2/2/2018 20:00,33.26
2/2/2018 21:00,32.56
2/2/2018 22:00,32.43
2/2/2018 23:00,32.36
2/3/2018 00:00,33.44
2/3/2018 01:00,33.35
2/3/2018 02:00,33.71
2/3/2018 03:00,34.07
2/3/2018 04:00,33.57
2/3/2018 05:00,33.26
2/3/2018 06:00,32.59
2/3/2018 07:00,32.85
2/3/2018 08:00,33.6
2/3/2018 09:00,35.33
2/3/2018 10:00,36.19
2/3/2018 11:00,37.6
2/3/2018 12:00,39.36
2/3/2018 13:00,40.1
2/3/2018 14:00,40.08
2/3/2018 15:00,39.69
2/3/2018 16:00,39.09
2/3/2018 17:00,36.61
2/3/2018 18:00,35.11
2/3/2018 19:00,34
2/3/2018 20:00,33.64
2/3/2018 21:00,33.24
2/3/2018 22:00,32.79
2/3/2018 23:00,32.79
2/4/2018 00:00,33.4
2/4/2018 01:00,33.73
2/4/2018 02:00,34.25
2/4/2018 03:00,34.18
2/4/2018 04:00,33.66
2/4/2018 05:00,32.79
2/4/2018 06:00,32.16
2/4/2018 07:00,31.84
2/4/2018 08:00,33.35
2/4/2018 09:00,35.92
2/4/2018 10:00,38.25
2/4/2018 11:00,40.91
2/4/2018 12:00,41.32
2/4/2018 13:00,42.28
2/4/2018 14:00,42.76
2/4/2018 15:00,42.64
2/4/2018 16:00,41.86
2/4/2018 17:00,39.34
2/4/2018 18:00,34.34
2/4/2018 19:00,33.22
2/4/2018 20:00,32.43
2/4/2018 21:00,32.45
2/4/2018 22:00,32.45
2/4/2018 23:00,32.34
2/5/2018 00:00,32.41
2/5/2018 01:00,32.58
2/5/2018 02:00,32.54
2/5/2018 03:00,32.56
2/5/2018 04:00,32.54
2/5/2018 05:00,32.58
2/5/2018 06:00,32.58
2/5/2018 07:00,32.31
2/5/2018 08:00,33.3
2/5/2018 09:00,36.45
2/5/2018 10:00,39.49
2/5/2018 11:00,41.77
2/5/2018 12:00,44.62
2/5/2018 13:00,47.01
2/5/2018 14:00,46.15
2/5/2018 15:00,46.36
2/5/2018 16:00,46.02
2/5/2018 17:00,44.06
2/5/2018 18:00,43.16
2/5/2018 19:00,40.24
2/5/2018 20:00,38.25
2/5/2018 21:00,36.59
2/5/2018 22:00,37.31
2/5/2018 23:00,37.02
2/6/2018 00:00,36.39
2/6/2018 01:00,35.06
2/6/2018 02:00,33.91
2/6/2018 03:00,32.74
2/6/2018 04:00,32.43
2/6/2018 05:00,32.49
2/6/2018 06:00,32.54
2/6/2018 07:00,32.72
2/6/2018 08:00,34.27
2/6/2018 09:00,36.72
2/6/2018 10:00,39.88
2/6/2018 11:00,42.39
2/6/2018 12:00,43.63
2/6/2018 13:00,45.68
2/6/2018 14:00,46.51
2/6/2018 15:00,46.47
2/6/2018 16:00,45.28
2/6/2018 17:00,41.59
2/6/2018 18:00,39.49
2/6/2018 19:00,38.71
2/6/2018 20:00,38.25
2/6/2018 21:00,37.76
2/6/2018 22:00,37.17
2/6/2018 23:00,36.9
2/7/2018 00:00,36.54
2/7/2018 01:00,35.78
2/7/2018 02:00,34.3
2/7/2018 03:00,34.03
2/7/2018 04:00,33.46
2/7/2018 05:00,33.62
2/7/2018 06:00,33.62
2/7/2018 07:00,33.37
2/7/2018 08:00,34.88
2/7/2018 09:00,36.61
2/7/2018 10:00,37.78
2/7/2018 11:00,38.84
2/7/2018 12:00,37.35
2/7/2018 13:00,37.78
2/7/2018 14:00,38.14
2/7/2018 15:00,38.16
2/7/2018 16:00,37.15
2/7/2018 17:00,35.73
2/7/2018 18:00,34.34
2/7/2018 19:00,33.64
2/7/2018 20:00,33.8
2/7/2018 21:00,34.52
2/7/2018 22:00,35.04
2/7/2018 23:00,35.55
2/8/2018 00:00,35.08
2/8/2018 01:00,34.57
2/8/2018 02:00,34.66
2/8/2018 03:00,33.8
2/8/2018 04:00,31.82
2/8/2018 05:00,31.08
2/8/2018 06:00,31.06
2/8/2018 07:00,29.7
2/8/2018 08:00,30.11
2/8/2018 09:00,33.08
2/8/2018 10:00,36.1
2/8/2018 11:00,38.52
2/8/2018 12:00,41.07
2/8/2018 13:00,41.58
2/8/2018 14:00,41.83
2/8/2018 15:00,41.7
2/8/2018 16:00,41.22
2/8/2018 17:00,38.89
2/8/2018 18:00,36.79
2/8/2018 19:00,35.49
2/8/2018 20:00,35.17
2/8/2018 21:00,33.15
2/8/2018 22:00,32.36
2/8/2018 23:00,32.56
2/9/2018 00:00,33.64
2/9/2018 01:00,34.12
2/9/2018 02:00,33.33
2/9/2018 03:00,32.95
2/9/2018 04:00,33.71
2/9/2018 05:00,34.48
2/9/2018 06:00,34.3
2/9/2018 07:00,33.28
2/9/2018 08:00,35.62
2/9/2018 09:00,37.13
2/9/2018 10:00,38.82
2/9/2018 11:00,39.92
2/9/2018 12:00,40.44
2/9/2018 13:00,42.04
2/9/2018 14:00,42.48
2/9/2018 15:00,42.58
2/9/2018 16:00,41.59
2/9/2018 17:00,39.78
2/9/2018 18:00,37.81
2/9/2018 19:00,36.84
2/9/2018 20:00,36.77
2/9/2018 21:00,36.19
2/9/2018 22:00,34.43
2/9/2018 23:00,33.93
2/10/2018 00:00,34.81
2/10/2018 01:00,35.64
2/10/2018 02:00,35.1
2/10/2018 03:00,34
2/10/2018 04:00,33.31
2/10/2018 05:00,33.75
2/10/2018 06:00,33.06
2/10/2018 07:00,31.14
2/10/2018 08:00,32.32
2/10/2018 09:00,35.22
2/10/2018 10:00,36.84
2/10/2018 11:00,38.23
2/10/2018 12:00,40.08
2/10/2018 13:00,40.98
2/10/2018 14:00,41.18
2/10/2018 15:00,41
2/10/2018 16:00,40.21
2/10/2018 17:00,38.05
2/10/2018 18:00,36.36
2/10/2018 19:00,35.26
2/10/2018 20:00,34.61
2/10/2018 21:00,34.07
2/10/2018 22:00,33.21
2/10/2018 23:00,32.54
2/11/2018 00:00,32.29
2/11/2018 01:00,31.98
2/11/2018 02:00,31.69
2/11/2018 03:00,32.59
2/11/2018 04:00,33.39
2/11/2018 05:00,34.2
2/11/2018 06:00,35.11
2/11/2018 07:00,35.55
2/11/2018 08:00,37.09
2/11/2018 09:00,38.5
2/11/2018 10:00,39.11
2/11/2018 11:00,41.36
2/11/2018 12:00,43.99
2/11/2018 13:00,43.23
2/11/2018 14:00,42.48
2/11/2018 15:00,41.43
2/11/2018 16:00,40.51
2/11/2018 17:00,39.96
2/11/2018 18:00,40.05
2/11/2018 19:00,39.45
2/11/2018 20:00,39.2
2/11/2018 21:00,39.18
2/11/2018 22:00,39.29
2/11/2018 23:00,38.46
2/12/2018 00:00,36.32
2/12/2018 01:00,35.19
2/12/2018 02:00,35.11
2/12/2018 03:00,35.06
2/12/2018 04:00,35.01
2/12/2018 05:00,34.74
2/12/2018 06:00,34.99
2/12/2018 07:00,32.56
2/12/2018 08:00,34.12
2/12/2018 09:00,35.49
2/12/2018 10:00,35.92
2/12/2018 11:00,36.45
2/12/2018 12:00,37.26
2/12/2018 13:00,37.31
2/12/2018 14:00,37.42
2/12/2018 15:00,37.33
2/12/2018 16:00,37.15
2/12/2018 17:00,35.22
2/12/2018 18:00,32.97
2/12/2018 19:00,32.18
2/12/2018 20:00,32.13
2/12/2018 21:00,31.51
2/12/2018 22:00,32.49
2/12/2018 23:00,33.75
2/13/2018 00:00,33.93
2/13/2018 01:00,32.86
2/13/2018 02:00,31.93
2/13/2018 03:00,30.99
2/13/2018 04:00,31.21
2/13/2018 05:00,31.69
2/13/2018 06:00,29.08
2/13/2018 07:00,29.34
2/13/2018 08:00,31.86
2/13/2018 09:00,35.71
2/13/2018 10:00,37.42
2/13/2018 11:00,38.1
2/13/2018 12:00,38.46
2/13/2018 13:00,39.92
2/13/2018 14:00,40.59
2/13/2018 15:00,40.55
2/13/2018 16:00,39.61
2/13/2018 17:00,36.99
2/13/2018 18:00,33.37
2/13/2018 19:00,30.99
2/13/2018 20:00,30.29
2/13/2018 21:00,30.15
2/13/2018 22:00,30.29
2/13/2018 23:00,31.17
2/14/2018 00:00,31.64
2/14/2018 01:00,31.73
2/14/2018 02:00,30.87
2/14/2018 03:00,30.33
2/14/2018 04:00,29.91
2/14/2018 05:00,29.46
2/14/2018 06:00,29.08
2/14/2018 07:00,28.72
2/14/2018 08:00,31.51
2/14/2018 09:00,34.32
2/14/2018 10:00,36.82
2/14/2018 11:00,38.71
2/14/2018 12:00,40.3
2/14/2018 13:00,41.74
2/14/2018 14:00,42.84
2/14/2018 15:00,43.3
2/14/2018 16:00,42.84
2/14/2018 17:00,40.28
2/14/2018 18:00,37.53
2/14/2018 19:00,34.88
2/14/2018 20:00,33.15
2/14/2018 21:00,32.67
2/14/2018 22:00,32.61
2/14/2018 23:00,32.76
2/15/2018 00:00,32.76
2/15/2018 01:00,33.06
2/15/2018 02:00,32.94
2/15/2018 03:00,33.01
2/15/2018 04:00,33.04
2/15/2018 05:00,33.46
2/15/2018 06:00,33.51
2/15/2018 07:00,33.91
2/15/2018 08:00,35.96
2/15/2018 09:00,40.69
2/15/2018 10:00,39.52
2/15/2018 11:00,40.69
2/15/2018 12:00,42.76
2/15/2018 13:00,43.47
2/15/2018 14:00,45.37
2/15/2018 15:00,46.78
2/15/2018 16:00,47.21
2/15/2018 17:00,46.42
2/15/2018 18:00,45
2/15/2018 19:00,44.65
2/15/2018 20:00,46.27
2/15/2018 21:00,48.09
2/15/2018 22:00,48.06
2/15/2018 23:00,48.13
2/16/2018 00:00,47.75
2/16/2018 01:00,45.61
2/16/2018 02:00,45.52
2/16/2018 03:00,42.66
2/16/2018 04:00,41.59
2/16/2018 05:00,41.25
2/16/2018 06:00,40.24
2/16/2018 07:00,39.94
2/16/2018 08:00,41.97
2/16/2018 09:00,43.9
2/16/2018 10:00,45.5
2/16/2018 11:00,47.93
2/16/2018 12:00,47.75
2/16/2018 13:00,48.22
2/16/2018 14:00,48.67
2/16/2018 15:00,48.96
2/16/2018 16:00,48.33
2/16/2018 17:00,47.41
2/16/2018 18:00,46.44
2/16/2018 19:00,45.54
2/16/2018 20:00,44.11
2/16/2018 21:00,43.59
2/16/2018 22:00,43.7
2/16/2018 23:00,42.84
2/17/2018 00:00,41.16
2/17/2018 01:00,41.4
2/17/2018 02:00,41.29
2/17/2018 03:00,40.62
2/17/2018 04:00,40.48
2/17/2018 05:00,40.24
2/17/2018 06:00,40.17
2/17/2018 07:00,40.33
2/17/2018 08:00,40.98
2/17/2018 09:00,42.84
2/17/2018 10:00,46.47
2/17/2018 11:00,52.84
2/17/2018 12:00,42.71
2/17/2018 13:00,43.79
2/17/2018 14:00,41.7
2/17/2018 15:00,38.43
2/17/2018 16:00,37.45
2/17/2018 17:00,35.49
2/17/2018 18:00,34.02
2/17/2018 19:00,33.39
2/17/2018 20:00,33.22
2/17/2018 21:00,34
2/17/2018 22:00,34.09
2/17/2018 23:00,33.85
2/18/2018 00:00,33.94
2/18/2018 01:00,33.78
2/18/2018 02:00,33.49
2/18/2018 03:00,32.99
2/18/2018 04:00,32.7
2/18/2018 05:00,32.36
2/18/2018 06:00,32.29
2/18/2018 07:00,32.77
2/18/2018 08:00,34.65
2/18/2018 09:00,37.58
2/18/2018 10:00,39.79
2/18/2018 11:00,41.2
2/18/2018 12:00,42.87
2/18/2018 13:00,44.19
2/18/2018 14:00,44.76
2/18/2018 15:00,44.47
2/18/2018 16:00,43.21
2/18/2018 17:00,39.87
2/18/2018 18:00,36.97
2/18/2018 19:00,34.57
2/18/2018 20:00,33.44
2/18/2018 21:00,32.99
2/18/2018 22:00,32.65
2/18/2018 23:00,32.36
2/19/2018 00:00,31.87
2/19/2018 01:00,31.71
2/19/2018 02:00,31.28
2/19/2018 03:00,30.76
2/19/2018 04:00,30.78
2/19/2018 05:00,30.85
2/19/2018 06:00,30.65
2/19/2018 07:00,30.74
2/19/2018 08:00,32.5
2/19/2018 09:00,34.7
2/19/2018 10:00,36.57
2/19/2018 11:00,37.99
2/19/2018 12:00,39.18
2/19/2018 13:00,41.2
2/19/2018 14:00,42.44
2/19/2018 15:00,42.87
2/19/2018 16:00,42.26
2/19/2018 17:00,40.33
2/19/2018 18:00,39.22
2/19/2018 19:00,38.43
2/19/2018 20:00,37.6
2/19/2018 21:00,37.71
2/19/2018 22:00,37.58
2/19/2018 23:00,37.42
2/20/2018 00:00,37.15
2/20/2018 01:00,36.57
2/20/2018 02:00,35.8
2/20/2018 03:00,35.11
2/20/2018 04:00,34.57
2/20/2018 05:00,34.5
2/20/2018 06:00,34.23
2/20/2018 07:00,33.71
2/20/2018 08:00,35.26
2/20/2018 09:00,38.39
2/20/2018 10:00,40.64
2/20/2018 11:00,41.86
2/20/2018 12:00,37.24
2/20/2018 13:00,38.73
2/20/2018 14:00,38.98
2/20/2018 15:00,39.18
2/20/2018 16:00,39
2/20/2018 17:00,37.67
2/20/2018 18:00,37.62
2/20/2018 19:00,35.11
2/20/2018 20:00,33.35
2/20/2018 21:00,31.53
2/20/2018 22:00,31.93
2/20/2018 23:00,31.01
2/21/2018 00:00,29.89
2/21/2018 01:00,29.3
2/21/2018 02:00,30.42
2/21/2018 03:00,29.7
2/21/2018 04:00,28.74
2/21/2018 05:00,28.76
2/21/2018 06:00,28.78
2/21/2018 07:00,29.44
2/21/2018 08:00,31.17
2/21/2018 09:00,36.27
2/21/2018 10:00,38.46
2/21/2018 11:00,40.21
2/21/2018 12:00,40.57
2/21/2018 13:00,41.56
2/21/2018 14:00,41.81
2/21/2018 15:00,40.14
2/21/2018 16:00,38.95
2/21/2018 17:00,36.73
2/21/2018 18:00,34.39
2/21/2018 19:00,33.06
2/21/2018 20:00,32.92
2/21/2018 21:00,32.49
2/21/2018 22:00,32.36
2/21/2018 23:00,32.22
2/22/2018 00:00,31.33
2/22/2018 01:00,31.15
2/22/2018 02:00,31.19
2/22/2018 03:00,30.92
2/22/2018 04:00,31.14
2/22/2018 05:00,30.67
2/22/2018 06:00,29.89
2/22/2018 07:00,30.06
2/22/2018 08:00,31.62
2/22/2018 09:00,33.91
2/22/2018 10:00,35.29
2/22/2018 11:00,36.19
2/22/2018 12:00,36.46
2/22/2018 13:00,36.99
2/22/2018 14:00,37.22
2/22/2018 15:00,37.09
2/22/2018 16:00,36.55
2/22/2018 17:00,34.63
2/22/2018 18:00,32.7
2/22/2018 19:00,32.16
2/22/2018 20:00,31.98
2/22/2018 21:00,31.96
2/22/2018 22:00,31.26
2/22/2018 23:00,31.08
2/23/2018 00:00,30.6
2/23/2018 01:00,30.36
2/23/2018 02:00,29.73
2/23/2018 03:00,29.03
2/23/2018 04:00,28.56
2/23/2018 05:00,28.13
2/23/2018 06:00,27.73
2/23/2018 07:00,27.97
2/23/2018 08:00,29.8
2/23/2018 09:00,32.25
2/23/2018 10:00,34.65
2/23/2018 11:00,36.3
2/23/2018 12:00,36.84
2/23/2018 13:00,37.36
2/23/2018 14:00,37.54
2/23/2018 15:00,36.81
2/23/2018 16:00,36.07
2/23/2018 17:00,34.7
2/23/2018 18:00,33.75
2/23/2018 19:00,33.13
2/23/2018 20:00,33.03
2/23/2018 21:00,32.47
2/23/2018 22:00,31.82
2/23/2018 23:00,31.28
2/24/2018 00:00,30.61
2/24/2018 01:00,30
2/24/2018 02:00,29.73
2/24/2018 03:00,29.37
2/24/2018 04:00,29.14
2/24/2018 05:00,28.9
2/24/2018 06:00,28.47
2/24/2018 07:00,28.71
2/24/2018 08:00,30.88
2/24/2018 09:00,33.51
2/24/2018 10:00,35.15
2/24/2018 11:00,37.08
2/24/2018 12:00,38.5
2/24/2018 13:00,39.45
2/24/2018 14:00,39.36
2/24/2018 15:00,38.14
2/24/2018 16:00,36.3
2/24/2018 17:00,33.58
2/24/2018 18:00,31.48
2/24/2018 19:00,30.69
2/24/2018 20:00,29.95
2/24/2018 21:00,28.96
2/24/2018 22:00,28.13
2/24/2018 23:00,27.05
2/25/2018 00:00,26.37
2/25/2018 01:00,25.59
2/25/2018 02:00,24.12
2/25/2018 03:00,23.38
2/25/2018 04:00,22.95
2/25/2018 05:00,22.15
2/25/2018 06:00,21.49
2/25/2018 07:00,21.45
2/25/2018 08:00,22.87
2/25/2018 09:00,24.51
2/25/2018 10:00,26.01
2/25/2018 11:00,27.39
2/25/2018 12:00,31.26
2/25/2018 13:00,31.68
2/25/2018 14:00,31.21
2/25/2018 15:00,29.91
2/25/2018 16:00,27.99
2/25/2018 17:00,25.48
2/25/2018 18:00,24.04
2/25/2018 19:00,23.77
2/25/2018 20:00,23.61
2/25/2018 21:00,23.45
2/25/2018 22:00,23.18
2/25/2018 23:00,22.75
2/26/2018 00:00,22.21
2/26/2018 01:00,21.61
2/26/2018 02:00,21.2
2/26/2018 03:00,20.62
2/26/2018 04:00,19.71
2/26/2018 05:00,19.02
2/26/2018 06:00,18.43
2/26/2018 07:00,18.39
2/26/2018 08:00,20.3
2/26/2018 09:00,22.21
2/26/2018 10:00,23.34
2/26/2018 11:00,23.99
2/26/2018 12:00,25.09
2/26/2018 13:00,24.82
2/26/2018 14:00,23.94
2/26/2018 15:00,23.81
2/26/2018 16:00,23.05
2/26/2018 17:00,22.05
2/26/2018 18:00,21.47
2/26/2018 19:00,21.29
2/26/2018 20:00,21.06
2/26/2018 21:00,20.61
2/26/2018 22:00,20.08
2/26/2018 23:00,19.6
2/27/2018 00:00,18.84
2/27/2018 01:00,18.28
2/27/2018 02:00,17.82
2/27/2018 03:00,17.4
2/27/2018 04:00,16.95
2/27/2018 05:00,16.61
2/27/2018 06:00,16.43
2/27/2018 07:00,17.13
2/27/2018 08:00,19.87
2/27/2018 09:00,22.24
2/27/2018 10:00,23.16
2/27/2018 11:00,24.42
2/27/2018 12:00,25.09
2/27/2018 13:00,25.27
2/27/2018 14:00,25.45
2/27/2018 15:00,25.38
2/27/2018 16:00,25
2/27/2018 17:00,23.94
2/27/2018 18:00,23.13
2/27/2018 19:00,22.14
2/27/2018 20:00,21.52
2/27/2018 21:00,21.36
2/27/2018 22:00,21.06
2/27/2018 23:00,20.66
2/28/2018 00:00,20.23
2/28/2018 01:00,19.98
2/28/2018 02:00,19.69
2/28/2018 03:00,19.2
2/28/2018 04:00,18.68
2/28/2018 05:00,18.16
2/28/2018 06:00,17.56
2/28/2018 07:00,17.91
2/28/2018 08:00,19.58
2/28/2018 09:00,22.28
2/28/2018 10:00,25
2/28/2018 11:00,27.3
2/28/2018 12:00,28.71
2/28/2018 13:00,30.11
2/28/2018 14:00,30.9
2/28/2018 15:00,30.81
2/28/2018 16:00,30.09
2/28/2018 17:00,28.17
2/28/2018 18:00,26.71
2/28/2018 19:00,26.06
2/28/2018 20:00,26.47
2/28/2018 21:00,26.13
2/28/2018 22:00,26.2
2/28/2018 23:00,26.19
3/1/2018 00:00,26.31
3/1/2018 01:00,26.49
3/1/2018 02:00,27.3
3/1/2018 03:00,27.41
3/1/2018 04:00,28.09
3/1/2018 05:00,25.68
3/1/2018 06:00,24.46
3/1/2018 07:00,25.86
3/1/2018 08:00,27.21
3/1/2018 09:00,28
3/1/2018 10:00,29.5
3/1/2018 11:00,31.44
3/1/2018 12:00,33.44
3/1/2018 13:00,34.61
3/1/2018 14:00,35.74
3/1/2018 15:00,35.67
3/1/2018 16:00,35.47
3/1/2018 17:00,34.7
3/1/2018 18:00,33.28
3/1/2018 19:00,33.1
3/1/2018 20:00,32.79
3/1/2018 21:00,32.86
3/1/2018 22:00,32.56
3/1/2018 23:00,31.51
3/2/2018 00:00,30.16
3/2/2018 01:00,28.44
3/2/2018 02:00,28.53
3/2/2018 03:00,28.27
3/2/2018 04:00,28.18
3/2/2018 05:00,28.24
3/2/2018 06:00,28.31
3/2/2018 07:00,29.1
3/2/2018 08:00,31.12
3/2/2018 09:00,32.2
3/2/2018 10:00,33.62
3/2/2018 11:00,34.18
3/2/2018 12:00,34.84
3/2/2018 13:00,34.43
3/2/2018 14:00,35.74
3/2/2018 15:00,42.33
3/2/2018 16:00,42.6
3/2/2018 17:00,42.37
3/2/2018 18:00,39.42
3/2/2018 19:00,38.05
3/2/2018 20:00,35.98
3/2/2018 21:00,36.39
3/2/2018 22:00,36.39
3/2/2018 23:00,34.18
3/3/2018 00:00,31.48
3/3/2018 01:00,33.6
3/3/2018 02:00,35.62
3/3/2018 03:00,31.71
3/3/2018 04:00,31.89
3/3/2018 05:00,31.44
3/3/2018 06:00,30.38
3/3/2018 07:00,33.71
3/3/2018 08:00,37.6
3/3/2018 09:00,40.26
3/3/2018 10:00,42.69
3/3/2018 11:00,45.73
3/3/2018 12:00,50.29
3/3/2018 13:00,51.28
3/3/2018 14:00,50.97
3/3/2018 15:00,49.64
3/3/2018 16:00,47.68
3/3/2018 17:00,46.29
3/3/2018 18:00,46.02
3/3/2018 19:00,45.27
3/3/2018 20:00,44.82
3/3/2018 21:00,45.16
3/3/2018 22:00,44.74
3/3/2018 23:00,43.59
3/4/2018 00:00,42.03
3/4/2018 01:00,40.62
3/4/2018 02:00,39.13
3/4/2018 03:00,38.03
3/4/2018 04:00,38.84
3/4/2018 05:00,38.5
3/4/2018 06:00,34.43
3/4/2018 07:00,34.47
3/4/2018 08:00,40.12
3/4/2018 09:00,47.05
3/4/2018 10:00,51.08
3/4/2018 11:00,54.9
3/4/2018 12:00,54.23
3/4/2018 13:00,55.76
3/4/2018 14:00,56.28
3/4/2018 15:00,56.14
3/4/2018 16:00,55.96
3/4/2018 17:00,53.74
3/4/2018 18:00,52.57
3/4/2018 19:00,50.68
3/4/2018 20:00,50.29
3/4/2018 21:00,49.68
3/4/2018 22:00,48.42
3/4/2018 23:00,47.55
3/5/2018 00:00,46.8
3/5/2018 01:00,46.6
3/5/2018 02:00,46.38
3/5/2018 03:00,45.82
3/5/2018 04:00,45.64
3/5/2018 05:00,44.62
3/5/2018 06:00,43.05
3/5/2018 07:00,41.79
3/5/2018 08:00,45.1
3/5/2018 09:00,47.77
3/5/2018 10:00,49.66
3/5/2018 11:00,52.18
3/5/2018 12:00,54.52
3/5/2018 13:00,56.37
3/5/2018 14:00,57.06
3/5/2018 15:00,57.29
3/5/2018 16:00,56.84
3/5/2018 17:00,55.8
3/5/2018 18:00,54.12
3/5/2018 19:00,50.68
3/5/2018 20:00,48.29
3/5/2018 21:00,46.71
3/5/2018 22:00,46.27
3/5/2018 23:00,46.69
3/6/2018 00:00,46.69
3/6/2018 01:00,46.13
3/6/2018 02:00,46
3/6/2018 03:00,45.68
3/6/2018 04:00,45.52
3/6/2018 05:00,45.09
3/6/2018 06:00,44.17
3/6/2018 07:00,45.57
3/6/2018 08:00,47.32
3/6/2018 09:00,49.44
3/6/2018 10:00,50.67
3/6/2018 11:00,50.88
3/6/2018 12:00,49.69
3/6/2018 13:00,49.33
3/6/2018 14:00,50.27
3/6/2018 15:00,50.27
3/6/2018 16:00,49.73
3/6/2018 17:00,48.72
3/6/2018 18:00,47.41
3/6/2018 19:00,45.66
3/6/2018 20:00,44.26
3/6/2018 21:00,41.99
3/6/2018 22:00,38.93
3/6/2018 23:00,36.52
3/7/2018 00:00,35.38
3/7/2018 01:00,35.67
3/7/2018 02:00,38.14
3/7/2018 03:00,39.79
3/7/2018 04:00,40.75
3/7/2018 05:00,37.72
3/7/2018 06:00,36.23
3/7/2018 07:00,36.7
3/7/2018 08:00,41.13
3/7/2018 09:00,46.4
3/7/2018 10:00,47.57
3/7/2018 11:00,46.31
3/7/2018 12:00,47.86
3/7/2018 13:00,47.89
3/7/2018 14:00,47.98
3/7/2018 15:00,47.55
3/7/2018 16:00,47.71
3/7/2018 17:00,45.73
3/7/2018 18:00,44.42
3/7/2018 19:00,42.33
3/7/2018 20:00,41.47
3/7/2018 21:00,41.09
3/7/2018 22:00,40.71
3/7/2018 23:00,40.21
3/8/2018 00:00,39.74
3/8/2018 01:00,39.13
3/8/2018 02:00,38.7
3/8/2018 03:00,38.25
3/8/2018 04:00,37.56
3/8/2018 05:00,36.16
3/8/2018 06:00,34.74
3/8/2018 07:00,35.37
3/8/2018 08:00,39.72
3/8/2018 09:00,45.25
3/8/2018 10:00,49.77
3/8/2018 11:00,50.92
3/8/2018 12:00,54.88
3/8/2018 13:00,56.44
3/8/2018 14:00,57
3/8/2018 15:00,56.95
3/8/2018 16:00,56.07
3/8/2018 17:00,54.66
3/8/2018 18:00,52.72
3/8/2018 19:00,50.45
3/8/2018 20:00,49.62
3/8/2018 21:00,49.77
3/8/2018 22:00,46.92
3/8/2018 23:00,46.17
3/9/2018 00:00,45.68
3/9/2018 01:00,45.32
3/9/2018 02:00,44.47
3/9/2018 03:00,43.38
3/9/2018 04:00,43.99
3/9/2018 05:00,45.9
3/9/2018 06:00,45.61
3/9/2018 07:00,45.68
3/9/2018 08:00,49.44
3/9/2018 09:00,53.78
3/9/2018 10:00,53.51
3/9/2018 11:00,51.98
3/9/2018 12:00,59.86
3/9/2018 13:00,62.44
3/9/2018 14:00,63.61
3/9/2018 15:00,63.93
3/9/2018 16:00,62.91
3/9/2018 17:00,59.2
3/9/2018 18:00,55.24
3/9/2018 19:00,54.79
3/9/2018 20:00,53.04
3/9/2018 21:00,53.15
3/9/2018 22:00,52.52
3/9/2018 23:00,51.26
3/10/2018 00:00,51.35
3/10/2018 01:00,51.33
3/10/2018 02:00,51.21
3/10/2018 03:00,51.24
3/10/2018 04:00,49.57
3/10/2018 05:00,47.97
3/10/2018 06:00,47.59
3/10/2018 07:00,46.8
3/10/2018 08:00,47.46
3/10/2018 09:00,49.17
3/10/2018 10:00,50.88
3/10/2018 11:00,54.77
3/10/2018 12:00,52.27
3/10/2018 13:00,54.72
3/10/2018 14:00,61.03
3/10/2018 15:00,61.99
3/10/2018 16:00,62.46
3/10/2018 17:00,58.78
3/10/2018 18:00,55.99
3/10/2018 19:00,54.36
3/10/2018 20:00,52.43
3/10/2018 21:00,49.6
3/10/2018 22:00,48.69
3/10/2018 23:00,48.33
3/11/2018 00:00,48.61
3/11/2018 01:00,48.61
3/11/2018 02:00,46.76
3/11/2018 03:00,45.39
3/11/2018 04:00,45.93
3/11/2018 05:00,45.93
3/11/2018 06:00,46.09
3/11/2018 07:00,46.24
3/11/2018 08:00,49.42
3/11/2018 09:00,50.5
3/11/2018 10:00,50.72
3/11/2018 11:00,48.42
3/11/2018 12:00,49.08
3/11/2018 13:00,48.63
3/11/2018 14:00,49.15
3/11/2018 15:00,50.09
3/11/2018 16:00,53.46
3/11/2018 17:00,50.61
3/11/2018 18:00,48.11
3/11/2018 19:00,46.51
3/11/2018 20:00,45.16
3/11/2018 21:00,44.65
3/11/2018 22:00,46.08
3/11/2018 23:00,47.91
3/12/2018 00:00,47.43
3/12/2018 01:00,48.69
3/12/2018 02:00,48.85
3/12/2018 03:00,47.07
3/12/2018 04:00,46.76
3/12/2018 05:00,46.35
3/12/2018 06:00,46.74
3/12/2018 07:00,48.61
3/12/2018 08:00,52.66
3/12/2018 09:00,53.01
3/12/2018 10:00,53.17
3/12/2018 11:00,53.46
3/12/2018 12:00,56.08
3/12/2018 13:00,55.85
3/12/2018 14:00,55.44
3/12/2018 15:00,55.67
3/12/2018 16:00,54.77
3/12/2018 17:00,52.65
3/12/2018 18:00,50
3/12/2018 19:00,48.96
3/12/2018 20:00,48.33
3/12/2018 21:00,48.04
3/12/2018 22:00,45.95
3/12/2018 23:00,44.96
3/13/2018 00:00,43.92
3/13/2018 01:00,43.12
3/13/2018 02:00,42.3
3/13/2018 03:00,41.94
3/13/2018 04:00,41.85
3/13/2018 05:00,42.75
3/13/2018 06:00,42.98
3/13/2018 07:00,43.61
3/13/2018 08:00,44.78
3/13/2018 09:00,45.55
3/13/2018 10:00,46.15
3/13/2018 11:00,47.19
3/13/2018 12:00,50.81
3/13/2018 13:00,51.15
3/13/2018 14:00,50.05
3/13/2018 15:00,50.74
3/13/2018 16:00,50.14
3/13/2018 17:00,49.24
3/13/2018 18:00,48.09
3/13/2018 19:00,47.14
3/13/2018 20:00,46.53
3/13/2018 21:00,45.7
3/13/2018 22:00,45.32
3/13/2018 23:00,44.6
3/14/2018 00:00,44.49
3/14/2018 01:00,44.44
3/14/2018 02:00,44.38
3/14/2018 03:00,43.99
3/14/2018 04:00,42.4
3/14/2018 05:00,42.17
3/14/2018 06:00,42.17
3/14/2018 07:00,42.78
3/14/2018 08:00,45.07
3/14/2018 09:00,46.9
3/14/2018 10:00,48.56
3/14/2018 11:00,50.11
3/14/2018 12:00,53.8
3/14/2018 13:00,55.65
3/14/2018 14:00,57.02
3/14/2018 15:00,57.45
3/14/2018 16:00,57
3/14/2018 17:00,55.35
3/14/2018 18:00,51.94
3/14/2018 19:00,48.09
3/14/2018 20:00,46.62
3/14/2018 21:00,44.51
3/14/2018 22:00,42.22
3/14/2018 23:00,40.57
3/15/2018 00:00,39.7
3/15/2018 01:00,38.7
3/15/2018 02:00,38.07
3/15/2018 03:00,38.07
3/15/2018 04:00,38.71
3/15/2018 05:00,38.43
3/15/2018 06:00,38.48
3/15/2018 07:00,39.65
3/15/2018 08:00,40.24
3/15/2018 09:00,41.23
3/15/2018 10:00,44.24
3/15/2018 11:00,47.25
3/15/2018 12:00,47.17
3/15/2018 13:00,48.61
3/15/2018 14:00,51.06
3/15/2018 15:00,51.6
3/15/2018 16:00,51.01
3/15/2018 17:00,48.33
3/15/2018 18:00,48.04
3/15/2018 19:00,48.11
3/15/2018 20:00,47.19
3/15/2018 21:00,47.35
3/15/2018 22:00,46.81
3/15/2018 23:00,45.39
3/16/2018 00:00,42.94
3/16/2018 01:00,42.03
3/16/2018 02:00,40.87
3/16/2018 03:00,41.22
3/16/2018 04:00,45.32
3/16/2018 05:00,43.97
3/16/2018 06:00,43.18
3/16/2018 07:00,45.12
3/16/2018 08:00,47.59
3/16/2018 09:00,49.08
3/16/2018 10:00,48.85
3/16/2018 11:00,49.64
3/16/2018 12:00,52.45
3/16/2018 13:00,52.88
3/16/2018 14:00,53.28
3/16/2018 15:00,53.67
3/16/2018 16:00,53.35
3/16/2018 17:00,52.39
3/16/2018 18:00,51.48
3/16/2018 19:00,50.41
3/16/2018 20:00,48.9
3/16/2018 21:00,46.09
3/16/2018 22:00,44.28
3/16/2018 23:00,43.14
3/17/2018 00:00,41.49
3/17/2018 01:00,39.7
3/17/2018 02:00,38.1
3/17/2018 03:00,36.79
3/17/2018 04:00,36.46
3/17/2018 05:00,36.43
3/17/2018 06:00,36.28
3/17/2018 07:00,38.23
3/17/2018 08:00,41.83
3/17/2018 09:00,45
3/17/2018 10:00,47.44
3/17/2018 11:00,50.07
3/17/2018 12:00,47.68
3/17/2018 13:00,45.72
3/17/2018 14:00,44.6
3/17/2018 15:00,43.86
3/17/2018 16:00,43.2
3/17/2018 17:00,42.82
3/17/2018 18:00,42.35
3/17/2018 19:00,40.8
3/17/2018 20:00,39.67
3/17/2018 21:00,40.35
3/17/2018 22:00,39.81
3/17/2018 23:00,39.67
3/18/2018 00:00,39.15
3/18/2018 01:00,38.84
3/18/2018 02:00,38.37
3/18/2018 03:00,37.87
3/18/2018 04:00,37.33
3/18/2018 05:00,37.17
3/18/2018 06:00,37.35
3/18/2018 07:00,39
3/18/2018 08:00,41.76
3/18/2018 09:00,44.47
3/18/2018 10:00,45.52
3/18/2018 11:00,44.94
3/18/2018 12:00,45.55
3/18/2018 13:00,47.46
3/18/2018 14:00,47.21
3/18/2018 15:00,47.41
3/18/2018 16:00,47.12
3/18/2018 17:00,45.5
3/18/2018 18:00,42.58
3/18/2018 19:00,40.05
3/18/2018 20:00,39.43
3/18/2018 21:00,38.53
3/18/2018 22:00,37.33
3/18/2018 23:00,35.02
3/19/2018 00:00,33.44
3/19/2018 01:00,31.55
3/19/2018 02:00,30.6
3/19/2018 03:00,29.48
3/19/2018 04:00,28.98
3/19/2018 05:00,29.07
3/19/2018 06:00,28.76
3/19/2018 07:00,29.41
3/19/2018 08:00,32.14
3/19/2018 09:00,35.42
3/19/2018 10:00,38.14
3/19/2018 11:00,41.18
3/19/2018 12:00,42.89
3/19/2018 13:00,42.85
3/19/2018 14:00,43.92
3/19/2018 15:00,44.56
3/19/2018 16:00,44.98
3/19/2018 17:00,45.01
3/19/2018 18:00,43.54
3/19/2018 19:00,40.17
3/19/2018 20:00,40.53
3/19/2018 21:00,38.86
3/19/2018 22:00,38.44
3/19/2018 23:00,36.9
3/20/2018 00:00,34.95
3/20/2018 01:00,35.47
3/20/2018 02:00,34.77
3/20/2018 03:00,34.09
3/20/2018 04:00,32.22
3/20/2018 05:00,29.7
3/20/2018 06:00,27.48
3/20/2018 07:00,29.89
3/20/2018 08:00,36.25
3/20/2018 09:00,37.94
3/20/2018 10:00,39.54
3/20/2018 11:00,41.85
3/20/2018 12:00,42.62
3/20/2018 13:00,43.56
3/20/2018 14:00,43
3/20/2018 15:00,41.59
3/20/2018 16:00,40.23
3/20/2018 17:00,39.67
3/20/2018 18:00,38.19
3/20/2018 19:00,37.2
3/20/2018 20:00,36.72
3/20/2018 21:00,35.46
3/20/2018 22:00,34.75
3/20/2018 23:00,32.61
3/21/2018 00:00,29.93
3/21/2018 01:00,28.83
3/21/2018 02:00,27.86
3/21/2018 03:00,26.82
3/21/2018 04:00,25.88
3/21/2018 05:00,25.3
3/21/2018 06:00,25.25
3/21/2018 07:00,27.12
3/21/2018 08:00,31.62
3/21/2018 09:00,36.46
3/21/2018 10:00,38.68
3/21/2018 11:00,40.33
3/21/2018 12:00,41.88
3/21/2018 13:00,42.94
3/21/2018 14:00,43.43
3/21/2018 15:00,43.47
3/21/2018 16:00,43.03
3/21/2018 17:00,41.83
3/21/2018 18:00,39.4
3/21/2018 19:00,36.14
3/21/2018 20:00,31.89
3/21/2018 21:00,30.9
3/21/2018 22:00,31.1
3/21/2018 23:00,30.16
3/22/2018 00:00,30.34
3/22/2018 01:00,30.29
3/22/2018 02:00,30.18
3/22/2018 03:00,29.98
3/22/2018 04:00,30.18
3/22/2018 05:00,30.74
3/22/2018 06:00,31.6
3/22/2018 07:00,35.6
3/22/2018 08:00,39.51
3/22/2018 09:00,42.37
3/22/2018 10:00,44.83
3/22/2018 11:00,45.66
3/22/2018 12:00,46.47
3/22/2018 13:00,46.76
3/22/2018 14:00,43.2
3/22/2018 15:00,41.77
3/22/2018 16:00,42.69
3/22/2018 17:00,42.03
3/22/2018 18:00,40.78
3/22/2018 19:00,39.15
3/22/2018 20:00,38.61
3/22/2018 21:00,38.68
3/22/2018 22:00,38.71
3/22/2018 23:00,38.84
3/23/2018 00:00,38.73
3/23/2018 01:00,38.41
3/23/2018 02:00,38.39
3/23/2018 03:00,38.37
3/23/2018 04:00,38.35
3/23/2018 05:00,38.35
3/23/2018 06:00,38.86
3/23/2018 07:00,40.89
3/23/2018 08:00,43.41
3/23/2018 09:00,43.93
3/23/2018 10:00,45.27
3/23/2018 11:00,46.18
3/23/2018 12:00,48.76
3/23/2018 13:00,50.14
3/23/2018 14:00,51.13
3/23/2018 15:00,51.37
3/23/2018 16:00,51.12
3/23/2018 17:00,50
3/23/2018 18:00,48.02
3/23/2018 19:00,46.47
3/23/2018 20:00,44.65
3/23/2018 21:00,44.02
3/23/2018 22:00,43.21
3/23/2018 23:00,41.36
3/24/2018 00:00,37.11
3/24/2018 01:00,34.12
3/24/2018 02:00,33.51
3/24/2018 03:00,33.31
3/24/2018 04:00,32.29
3/24/2018 05:00,31.78
3/24/2018 06:00,32.63
3/24/2018 07:00,35.89
3/24/2018 08:00,41.22
3/24/2018 09:00,45.55
3/24/2018 10:00,49.6
3/24/2018 11:00,52.45
3/24/2018 12:00,52.27
3/24/2018 13:00,53.56
3/24/2018 14:00,54.32
3/24/2018 15:00,54.63
3/24/2018 16:00,54.39
3/24/2018 17:00,53.28
3/24/2018 18:00,51.96
3/24/2018 19:00,50.11
3/24/2018 20:00,48.29
3/24/2018 21:00,47.26
3/24/2018 22:00,45.73
3/24/2018 23:00,44.02
3/25/2018 00:00,43.29
3/25/2018 01:00,42.8
3/25/2018 02:00,42.26
3/25/2018 03:00,41.45
3/25/2018 04:00,40.91
3/25/2018 05:00,41.41
3/25/2018 06:00,42.01
3/25/2018 07:00,42.51
3/25/2018 08:00,45.39
3/25/2018 09:00,48.92
3/25/2018 10:00,51.94
3/25/2018 11:00,54.3
3/25/2018 12:00,55.42
3/25/2018 13:00,55.72
3/25/2018 14:00,56.8
3/25/2018 15:00,56.79
3/25/2018 16:00,56.32
3/25/2018 17:00,54.91
3/25/2018 18:00,52.14
3/25/2018 19:00,50.29
3/25/2018 20:00,49.01
3/25/2018 21:00,47.7
3/25/2018 22:00,45.72
3/25/2018 23:00,44.35
3/26/2018 00:00,43.95
3/26/2018 01:00,43.83
3/26/2018 02:00,43.07
3/26/2018 03:00,42.1
3/26/2018 04:00,42.26
3/26/2018 05:00,43.12
3/26/2018 06:00,43.68
3/26/2018 07:00,44.74
3/26/2018 08:00,47.84
3/26/2018 09:00,49.87
3/26/2018 10:00,50.47
3/26/2018 11:00,50.94
3/26/2018 12:00,53.35
3/26/2018 13:00,54.16
3/26/2018 14:00,54.37
3/26/2018 15:00,54.54
3/26/2018 16:00,54.5
3/26/2018 17:00,53.53
3/26/2018 18:00,50.41
3/26/2018 19:00,48.97
3/26/2018 20:00,47.08
3/26/2018 21:00,44.71
3/26/2018 22:00,43.27
3/26/2018 23:00,43.45
3/27/2018 00:00,42.46
3/27/2018 01:00,43.27
3/27/2018 02:00,43.45
3/27/2018 03:00,42.12
3/27/2018 04:00,39.7
3/27/2018 05:00,38.39
3/27/2018 06:00,37.42
3/27/2018 07:00,41.61
3/27/2018 08:00,45.21
3/27/2018 09:00,48.79
3/27/2018 10:00,50.32
3/27/2018 11:00,52
3/27/2018 12:00,53.73
3/27/2018 13:00,54.27
3/27/2018 14:00,53.55
3/27/2018 15:00,51.91
3/27/2018 16:00,51.85
3/27/2018 17:00,49.95
3/27/2018 18:00,46.69
3/27/2018 19:00,45.97
3/27/2018 20:00,46.47
3/27/2018 21:00,47.71
3/27/2018 22:00,48.6
3/27/2018 23:00,48.61
3/28/2018 00:00,48.85
3/28/2018 01:00,48.58
3/28/2018 02:00,47.89
3/28/2018 03:00,46.51
3/28/2018 04:00,47.1
3/28/2018 05:00,45.86
3/28/2018 06:00,45.68
3/28/2018 07:00,47.12
3/28/2018 08:00,48.96
3/28/2018 09:00,50.41
3/28/2018 10:00,53.76
3/28/2018 11:00,55.35
3/28/2018 12:00,57.31
3/28/2018 13:00,58.1
3/28/2018 14:00,57.74
3/28/2018 15:00,56.17
3/28/2018 16:00,56.32
3/28/2018 17:00,54.7
3/28/2018 18:00,53.74
3/28/2018 19:00,51.98
3/28/2018 20:00,51.13
3/28/2018 21:00,48.87
3/28/2018 22:00,45.28
3/28/2018 23:00,43.48
3/29/2018 00:00,41.74
3/29/2018 01:00,40.33
3/29/2018 02:00,39.16
3/29/2018 03:00,39.22
3/29/2018 04:00,39.4
3/29/2018 05:00,39.24
3/29/2018 06:00,39.99
3/29/2018 07:00,39.79
3/29/2018 08:00,39.56
3/29/2018 09:00,41.83
3/29/2018 10:00,44.24
3/29/2018 11:00,46.09
3/29/2018 12:00,51.22
3/29/2018 13:00,50.67
3/29/2018 14:00,50.88
3/29/2018 15:00,50.9
3/29/2018 16:00,51.15
3/29/2018 17:00,51.26
3/29/2018 18:00,50.29
3/29/2018 19:00,48.87
3/29/2018 20:00,46.9
3/29/2018 21:00,43.77
3/29/2018 22:00,42.4
3/29/2018 23:00,39.54
3/30/2018 00:00,38.41
3/30/2018 01:00,39.06
3/30/2018 02:00,39.88
3/30/2018 03:00,40.05
3/30/2018 04:00,41.04
3/30/2018 05:00,38.41
3/30/2018 06:00,40.62
3/30/2018 07:00,43.61
3/30/2018 08:00,47.64
3/30/2018 09:00,50.47
3/30/2018 10:00,52.93
3/30/2018 11:00,56.32
3/30/2018 12:00,60.26
3/30/2018 13:00,61.34
3/30/2018 14:00,63.1
3/30/2018 15:00,62.38
3/30/2018 16:00,50.59
3/30/2018 17:00,48.2
3/30/2018 18:00,47.7
3/30/2018 19:00,46.58
3/30/2018 20:00,45.81
3/30/2018 21:00,45.19
3/30/2018 22:00,44.51
3/30/2018 23:00,43.72
3/31/2018 00:00,43.03
3/31/2018 01:00,42.91
3/31/2018 02:00,42.98
3/31/2018 03:00,42.4
3/31/2018 04:00,42.28
3/31/2018 05:00,42.06
3/31/2018 06:00,42.22
3/31/2018 07:00,42.48
3/31/2018 08:00,43.56
3/31/2018 09:00,45.5
3/31/2018 10:00,47.48
3/31/2018 11:00,49.55
3/31/2018 12:00,49.39
3/31/2018 13:00,50.36
3/31/2018 14:00,50.76
3/31/2018 15:00,51.44
3/31/2018 16:00,51.6
3/31/2018 17:00,51.12
3/31/2018 18:00,49.73
3/31/2018 19:00,47.14
3/31/2018 20:00,47.16
3/31/2018 21:00,47.88
3/31/2018 22:00,45.84
3/31/2018 23:00,45.1
4/1/2018 00:00,44.56
4/1/2018 01:00,42.22
4/1/2018 02:00,42.21
4/1/2018 03:00,41.95
4/1/2018 04:00,40.95
4/1/2018 05:00,39.79
4/1/2018 06:00,40.57
4/1/2018 07:00,41.63
4/1/2018 08:00,43.39
4/1/2018 09:00,45.09
4/1/2018 10:00,45.1
4/1/2018 11:00,45.68
4/1/2018 12:00,47.07
4/1/2018 13:00,49.37
4/1/2018 14:00,49.66
4/1/2018 15:00,49.75
4/1/2018 16:00,49.01
4/1/2018 17:00,47.93
4/1/2018 18:00,46.2
4/1/2018 19:00,43.93
4/1/2018 20:00,41.68
4/1/2018 21:00,38.89
4/1/2018 22:00,36.32
4/1/2018 23:00,35.35
4/2/2018 00:00,34.9
4/2/2018 01:00,36.95
4/2/2018 02:00,37.04
4/2/2018 03:00,35.19
4/2/2018 04:00,34.43
4/2/2018 05:00,32.23
4/2/2018 06:00,32.86
4/2/2018 07:00,39.61
4/2/2018 08:00,47.79
4/2/2018 09:00,53.78
4/2/2018 10:00,58.1
4/2/2018 11:00,60.71
4/2/2018 12:00,64.56
4/2/2018 13:00,66.69
4/2/2018 14:00,67.71
4/2/2018 15:00,68.56
4/2/2018 16:00,64.06
4/2/2018 17:00,62.83
4/2/2018 18:00,61.84
4/2/2018 19:00,58.77
4/2/2018 20:00,55.29
4/2/2018 21:00,53.33
4/2/2018 22:00,53.65
4/2/2018 23:00,54.9
4/3/2018 00:00,54.12
4/3/2018 01:00,52.54
4/3/2018 02:00,51.78
4/3/2018 03:00,51.51
4/3/2018 04:00,51.62
4/3/2018 05:00,52.2
4/3/2018 06:00,48.92
4/3/2018 07:00,50.94
4/3/2018 08:00,57.63
4/3/2018 09:00,61.75
4/3/2018 10:00,64
4/3/2018 11:00,62.69
4/3/2018 12:00,68.7
4/3/2018 13:00,69.46
4/3/2018 14:00,70.59
4/3/2018 15:00,69.71
4/3/2018 16:00,69.21
4/3/2018 17:00,67.23
4/3/2018 18:00,64.08
4/3/2018 19:00,60.87
4/3/2018 20:00,57.69
4/3/2018 21:00,54.32
4/3/2018 22:00,52.9
4/3/2018 23:00,52.3
4/4/2018 00:00,51.98
4/4/2018 01:00,51.28
4/4/2018 02:00,49.06
4/4/2018 03:00,47.82
4/4/2018 04:00,46.36
4/4/2018 05:00,43.18
4/4/2018 06:00,42.57
4/4/2018 07:00,47.08
4/4/2018 08:00,56.44
4/4/2018 09:00,63.12
4/4/2018 10:00,63.14
4/4/2018 11:00,60.06
4/4/2018 12:00,60.6
4/4/2018 13:00,53.42
4/4/2018 14:00,47.93
4/4/2018 15:00,51.55
4/4/2018 16:00,55.58
4/4/2018 17:00,57.25
4/4/2018 18:00,54.9
4/4/2018 19:00,54.05
4/4/2018 20:00,53.06
4/4/2018 21:00,52.77
4/4/2018 22:00,50.36
4/4/2018 23:00,49.46
4/5/2018 00:00,50.5
4/5/2018 01:00,48.81
4/5/2018 02:00,48.09
4/5/2018 03:00,46.74
4/5/2018 04:00,46
4/5/2018 05:00,44.42
4/5/2018 06:00,45.64
4/5/2018 07:00,48.58
4/5/2018 08:00,50.63
4/5/2018 09:00,50.32
4/5/2018 10:00,50.94
4/5/2018 11:00,51.06
4/5/2018 12:00,53.31
4/5/2018 13:00,54.03
4/5/2018 14:00,53.24
4/5/2018 15:00,52.5
4/5/2018 16:00,52.39
4/5/2018 17:00,51.58
4/5/2018 18:00,49.37
4/5/2018 19:00,46.65
4/5/2018 20:00,45.18
4/5/2018 21:00,45.05
4/5/2018 22:00,43.93
4/5/2018 23:00,41.18
4/6/2018 00:00,39.69
4/6/2018 01:00,38.66
4/6/2018 02:00,37.56
4/6/2018 03:00,36.81
4/6/2018 04:00,36.59
4/6/2018 05:00,36.7
4/6/2018 06:00,39.13
4/6/2018 07:00,43.57
4/6/2018 08:00,47.3
4/6/2018 09:00,51.13
4/6/2018 10:00,54.57
4/6/2018 11:00,57.65
4/6/2018 12:00,61.93
4/6/2018 13:00,63.93
4/6/2018 14:00,65.39
4/6/2018 15:00,66.29
4/6/2018 16:00,66.13
4/6/2018 17:00,64.72
4/6/2018 18:00,61.25
4/6/2018 19:00,56.57
4/6/2018 20:00,52.39
4/6/2018 21:00,51.19
4/6/2018 22:00,50.86
4/6/2018 23:00,49.01
4/7/2018 00:00,48.18
4/7/2018 01:00,47.66
4/7/2018 02:00,47.28
4/7/2018 03:00,46.27
4/7/2018 04:00,44.89
4/7/2018 05:00,42.62
4/7/2018 06:00,43.02
4/7/2018 07:00,46.56
4/7/2018 08:00,52.25
4/7/2018 09:00,57.33
4/7/2018 10:00,61.74
4/7/2018 11:00,65.16
4/7/2018 12:00,69.12
4/7/2018 13:00,71.19
4/7/2018 14:00,72.45
4/7/2018 15:00,73.09
4/7/2018 16:00,73.06
4/7/2018 17:00,71.94
4/7/2018 18:00,69.87
4/7/2018 19:00,64.53
4/7/2018 20:00,59.92
4/7/2018 21:00,56.07
4/7/2018 22:00,53.44
4/7/2018 23:00,51.82
4/8/2018 00:00,51.57
4/8/2018 01:00,52.34
4/8/2018 02:00,51.8
4/8/2018 03:00,49.77
4/8/2018 04:00,48.27
4/8/2018 05:00,47.66
4/8/2018 06:00,49.42
4/8/2018 07:00,53.51
4/8/2018 08:00,58.75
4/8/2018 09:00,63.75
4/8/2018 10:00,67.73
4/8/2018 11:00,70.65
4/8/2018 12:00,71.87
4/8/2018 13:00,73.45
4/8/2018 14:00,74.03
4/8/2018 15:00,74.1
4/8/2018 16:00,73.36
4/8/2018 17:00,71.02
4/8/2018 18:00,66.87
4/8/2018 19:00,61.83
4/8/2018 20:00,58.26
4/8/2018 21:00,55.65
4/8/2018 22:00,52.66
4/8/2018 23:00,50.2
4/9/2018 00:00,49.84
4/9/2018 01:00,48.49
4/9/2018 02:00,46.54
4/9/2018 03:00,45.75
4/9/2018 04:00,46.8
4/9/2018 05:00,47.05
4/9/2018 06:00,48.76
4/9/2018 07:00,50.72
4/9/2018 08:00,56.71
4/9/2018 09:00,61.92
4/9/2018 10:00,64.65
4/9/2018 11:00,63.41
4/9/2018 12:00,67.89
4/9/2018 13:00,68.54
4/9/2018 14:00,66.61
4/9/2018 15:00,65.19
4/9/2018 16:00,63.75
4/9/2018 17:00,62.55
4/9/2018 18:00,61.16
4/9/2018 19:00,60.17
4/9/2018 20:00,60.04
4/9/2018 21:00,59.72
4/9/2018 22:00,58.46
4/9/2018 23:00,57.07
4/10/2018 00:00,55.96
4/10/2018 01:00,54.46
4/10/2018 02:00,52.47
4/10/2018 03:00,51.39
4/10/2018 04:00,51.4
4/10/2018 05:00,51.28
4/10/2018 06:00,51.57
4/10/2018 07:00,51.76
4/10/2018 08:00,52.05
4/10/2018 09:00,52.92
4/10/2018 10:00,52.05
4/10/2018 11:00,54.43
4/10/2018 12:00,58.33
4/10/2018 13:00,59.88
4/10/2018 14:00,57.7
4/10/2018 15:00,56.44
4/10/2018 16:00,52.77
4/10/2018 17:00,50.54
4/10/2018 18:00,49.66
4/10/2018 19:00,48.81
4/10/2018 20:00,47.7
4/10/2018 21:00,45.34
4/10/2018 22:00,42.26
4/10/2018 23:00,41.88
4/11/2018 00:00,41.68
4/11/2018 01:00,41.36
4/11/2018 02:00,40.42
4/11/2018 03:00,40.14
4/11/2018 04:00,39.6
4/11/2018 05:00,39.38
4/11/2018 06:00,41.99
4/11/2018 07:00,46.02
4/11/2018 08:00,50.25
4/11/2018 09:00,55.51
4/11/2018 10:00,58.39
4/11/2018 11:00,61.25
4/11/2018 12:00,64.6
4/11/2018 13:00,65.3
4/11/2018 14:00,65.98
4/11/2018 15:00,66.36
4/11/2018 16:00,65.19
4/11/2018 17:00,63.91
4/11/2018 18:00,61.23
4/11/2018 19:00,57.61
4/11/2018 20:00,56.73
4/11/2018 21:00,56.55
4/11/2018 22:00,54.37
4/11/2018 23:00,53.58
4/12/2018 00:00,52.7
4/12/2018 01:00,51.42
4/12/2018 02:00,48.92
4/12/2018 03:00,48.51
4/12/2018 04:00,46.58
4/12/2018 05:00,47.52
4/12/2018 06:00,47.86
4/12/2018 07:00,50.4
4/12/2018 08:00,53.73
4/12/2018 09:00,56.39
4/12/2018 10:00,58.87
4/12/2018 11:00,60.98
4/12/2018 12:00,61.77
4/12/2018 13:00,63.01
4/12/2018 14:00,64.17
4/12/2018 15:00,64.92
4/12/2018 16:00,65.34
4/12/2018 17:00,64.78
4/12/2018 18:00,62.29
4/12/2018 19:00,57.18
4/12/2018 20:00,52.63
4/12/2018 21:00,50.29
4/12/2018 22:00,48.43
4/12/2018 23:00,48.22
4/13/2018 00:00,47.71
4/13/2018 01:00,47.57
4/13/2018 02:00,49.06
4/13/2018 03:00,48.97
4/13/2018 04:00,49.19
4/13/2018 05:00,49.24
4/13/2018 06:00,49.71
4/13/2018 07:00,49.41
4/13/2018 08:00,48.65
4/13/2018 09:00,49.78
4/13/2018 10:00,51.3
4/13/2018 11:00,56.16
4/13/2018 12:00,58.68
4/13/2018 13:00,60.35
4/13/2018 14:00,61.25
4/13/2018 15:00,61.79
4/13/2018 16:00,62.19
4/13/2018 17:00,62.04
4/13/2018 18:00,59.9
4/13/2018 19:00,57.92
4/13/2018 20:00,57.22
4/13/2018 21:00,55.54
4/13/2018 22:00,53.44
4/13/2018 23:00,51.75
4/14/2018 00:00,49.84
4/14/2018 01:00,48.76
4/14/2018 02:00,47.41
4/14/2018 03:00,46.22
4/14/2018 04:00,45.19
4/14/2018 05:00,45.16
4/14/2018 06:00,46.49
4/14/2018 07:00,50.72
4/14/2018 08:00,55.33
4/14/2018 09:00,59.4
4/14/2018 10:00,61.54
4/14/2018 11:00,63.57
4/14/2018 12:00,65.66
4/14/2018 13:00,67.12
4/14/2018 14:00,68.11
4/14/2018 15:00,68.99
4/14/2018 16:00,69.24
4/14/2018 17:00,68.29
4/14/2018 18:00,66.2
4/14/2018 19:00,62.96
4/14/2018 20:00,60.85
4/14/2018 21:00,59.31
4/14/2018 22:00,56.19
4/14/2018 23:00,55.06
4/15/2018 00:00,53.69
4/15/2018 01:00,53.55
4/15/2018 02:00,53.58
4/15/2018 03:00,52.5
4/15/2018 04:00,51.93
4/15/2018 05:00,52.09
4/15/2018 06:00,54.09
4/15/2018 07:00,55.85
4/15/2018 08:00,57.72
4/15/2018 09:00,60.03
4/15/2018 10:00,62.46
4/15/2018 11:00,64.58
4/15/2018 12:00,66.78
4/15/2018 13:00,68.49
4/15/2018 14:00,68.92
4/15/2018 15:00,69.08
4/15/2018 16:00,68.56
4/15/2018 17:00,67.1
4/15/2018 18:00,65.34
4/15/2018 19:00,63.3
4/15/2018 20:00,61.57
4/15/2018 21:00,58.84
4/15/2018 22:00,55.85
4/15/2018 23:00,54.9
4/16/2018 00:00,55.98
4/16/2018 01:00,55.49
4/16/2018 02:00,54.07
4/16/2018 03:00,53.11
4/16/2018 04:00,53.2
4/16/2018 05:00,53.65
4/16/2018 06:00,53.46
4/16/2018 07:00,54.79
4/16/2018 08:00,55.98
4/16/2018 09:00,57.16
4/16/2018 10:00,58.46
4/16/2018 11:00,60.75
4/16/2018 12:00,64.2
4/16/2018 13:00,64.36
4/16/2018 14:00,66.09
4/16/2018 15:00,66.16
4/16/2018 16:00,65.77
4/16/2018 17:00,64.9
4/16/2018 18:00,63.28
4/16/2018 19:00,61.23
4/16/2018 20:00,59.38
4/16/2018 21:00,57.22
4/16/2018 22:00,55.78
4/16/2018 23:00,54.59
4/17/2018 00:00,53.76
4/17/2018 01:00,52.81
4/17/2018 02:00,51.73
4/17/2018 03:00,50.74
4/17/2018 04:00,49.91
4/17/2018 05:00,49.64
4/17/2018 06:00,51.04
4/17/2018 07:00,54.12
4/17/2018 08:00,57.78
4/17/2018 09:00,62.53
4/17/2018 10:00,66.4
4/17/2018 11:00,68.65
4/17/2018 12:00,69.12
4/17/2018 13:00,70.68
4/17/2018 14:00,71.83
4/17/2018 15:00,71.65
4/17/2018 16:00,71.64
4/17/2018 17:00,71.67
4/17/2018 18:00,70.34
4/17/2018 19:00,67.82
4/17/2018 20:00,64.36
4/17/2018 21:00,60.46
4/17/2018 22:00,57.13
4/17/2018 23:00,54.27
4/18/2018 00:00,52.52
4/18/2018 01:00,50.72
4/18/2018 02:00,49.32
4/18/2018 03:00,47.88
4/18/2018 04:00,47.19
4/18/2018 05:00,46.9
4/18/2018 06:00,50.18
4/18/2018 07:00,54.32
4/18/2018 08:00,59.18
4/18/2018 09:00,68.27
4/18/2018 10:00,70.3
4/18/2018 11:00,72.27
4/18/2018 12:00,74.62
4/18/2018 13:00,75.63
4/18/2018 14:00,76.15
4/18/2018 15:00,75.85
4/18/2018 16:00,74.98
4/18/2018 17:00,73.54
4/18/2018 18:00,70.57
4/18/2018 19:00,66.24
4/18/2018 20:00,62.85
4/18/2018 21:00,58.96
4/18/2018 22:00,56.39
4/18/2018 23:00,54.41
4/19/2018 00:00,52.77
4/19/2018 01:00,51.84
4/19/2018 02:00,51.91
4/19/2018 03:00,52.05
4/19/2018 04:00,51.78
4/19/2018 05:00,51.37
4/19/2018 06:00,52.14
4/19/2018 07:00,55.6
4/19/2018 08:00,59.77
4/19/2018 09:00,64.15
4/19/2018 10:00,68.27
4/19/2018 11:00,71.78
4/19/2018 12:00,75.61
4/19/2018 13:00,76.98
4/19/2018 14:00,77.7
4/19/2018 15:00,77.88
4/19/2018 16:00,77.45
4/19/2018 17:00,76.23
4/19/2018 18:00,74.26
4/19/2018 19:00,71.98
4/19/2018 20:00,69.6
4/19/2018 21:00,67.64
4/19/2018 22:00,66.13
4/19/2018 23:00,64.54
4/20/2018 00:00,62.78
4/20/2018 01:00,61.68
4/20/2018 02:00,61
4/20/2018 03:00,59.59
4/20/2018 04:00,58.57
4/20/2018 05:00,58.57
4/20/2018 06:00,59.5
4/20/2018 07:00,62.06
4/20/2018 08:00,66.11
4/20/2018 09:00,70.43
4/20/2018 10:00,73.92
4/20/2018 11:00,76.1
4/20/2018 12:00,77.83
4/20/2018 13:00,79.09
4/20/2018 14:00,79.75
4/20/2018 15:00,79.81
4/20/2018 16:00,79.45
4/20/2018 17:00,78.37
4/20/2018 18:00,76.6
4/20/2018 19:00,74.34
4/20/2018 20:00,71.73
4/20/2018 21:00,70.03
4/20/2018 22:00,69.31
4/20/2018 23:00,67.42
4/21/2018 00:00,65.14
4/21/2018 01:00,64.02
4/21/2018 02:00,63.5
4/21/2018 03:00,63.19
4/21/2018 04:00,62.65
4/21/2018 05:00,62.33
4/21/2018 06:00,63.32
4/21/2018 07:00,64.94
4/21/2018 08:00,68.09
4/21/2018 09:00,71.82
4/21/2018 10:00,75.31
4/21/2018 11:00,77.68
4/21/2018 12:00,79.12
4/21/2018 13:00,80.17
4/21/2018 14:00,80.58
4/21/2018 15:00,80.49
4/21/2018 16:00,79.99
4/21/2018 17:00,78.96
4/21/2018 18:00,77.52
4/21/2018 19:00,75.25
4/21/2018 20:00,73.17
4/21/2018 21:00,71.01
4/21/2018 22:00,68.9
4/21/2018 23:00,66.83
4/22/2018 00:00,65.34
4/22/2018 01:00,64.4
4/22/2018 02:00,63.36
4/22/2018 03:00,62.53
4/22/2018 04:00,61.72
4/22/2018 05:00,60.04
4/22/2018 06:00,59.59
4/22/2018 07:00,63.14
4/22/2018 08:00,66.94
4/22/2018 09:00,72.12
4/22/2018 10:00,77.04
4/22/2018 11:00,78.48
4/22/2018 12:00,79.84
4/22/2018 13:00,80.71
4/22/2018 14:00,80.83
4/22/2018 15:00,80.69
4/22/2018 16:00,80.28
4/22/2018 17:00,79.16
4/22/2018 18:00,76.53
4/22/2018 19:00,74.08
4/22/2018 20:00,72.09
4/22/2018 21:00,68.9
4/22/2018 22:00,64.96
4/22/2018 23:00,61.77
4/23/2018 00:00,60.08
4/23/2018 01:00,59.92
4/23/2018 02:00,60.98
4/23/2018 03:00,60.85
4/23/2018 04:00,60.26
4/23/2018 05:00,60.84
4/23/2018 06:00,60.71
4/23/2018 07:00,62.31
4/23/2018 08:00,61.39
4/23/2018 09:00,67.84
4/23/2018 10:00,70.21
4/23/2018 11:00,70.61
4/23/2018 12:00,71.13
4/23/2018 13:00,72.39
4/23/2018 14:00,70.41
4/23/2018 15:00,68.88
4/23/2018 16:00,70.61
4/23/2018 17:00,69.69
4/23/2018 18:00,68.32
4/23/2018 19:00,66.13
4/23/2018 20:00,64.11
4/23/2018 21:00,62.49
4/23/2018 22:00,61.68
4/23/2018 23:00,58.77
4/24/2018 00:00,56.75
4/24/2018 01:00,57.7
4/24/2018 02:00,56.88
4/24/2018 03:00,55.78
4/24/2018 04:00,55.72
4/24/2018 05:00,55.85
4/24/2018 06:00,57.31
4/24/2018 07:00,60.35
4/24/2018 08:00,63.93
4/24/2018 09:00,68.23
4/24/2018 10:00,71.65
4/24/2018 11:00,74.01
4/24/2018 12:00,69.91
4/24/2018 13:00,71.04
4/24/2018 14:00,71.8
4/24/2018 15:00,72.1
4/24/2018 16:00,71.42
4/24/2018 17:00,70.18
4/24/2018 18:00,68.07
4/24/2018 19:00,65.12
4/24/2018 20:00,64.63
4/24/2018 21:00,64.11
4/24/2018 22:00,62.96
4/24/2018 23:00,59.16
4/25/2018 00:00,57.42
4/25/2018 01:00,55.2
4/25/2018 02:00,54.46
4/25/2018 03:00,54.86
4/25/2018 04:00,55.06
4/25/2018 05:00,53.42
4/25/2018 06:00,54.52
4/25/2018 07:00,60.37
4/25/2018 08:00,67.23
4/25/2018 09:00,69.66
4/25/2018 10:00,70.38
4/25/2018 11:00,71.58
4/25/2018 12:00,72.72
4/25/2018 13:00,73
4/25/2018 14:00,72.88
4/25/2018 15:00,72.16
4/25/2018 16:00,71.26
4/25/2018 17:00,69.85
4/25/2018 18:00,67.35
4/25/2018 19:00,63.46
4/25/2018 20:00,60.53
4/25/2018 21:00,58.62
4/25/2018 22:00,57.07
4/25/2018 23:00,57.34
4/26/2018 00:00,56.73
4/26/2018 01:00,55.17
4/26/2018 02:00,51.33
4/26/2018 03:00,51.57
4/26/2018 04:00,51.26
4/26/2018 05:00,51.06
4/26/2018 06:00,51.21
4/26/2018 07:00,51.66
4/26/2018 08:00,53.22
4/26/2018 09:00,54.59
4/26/2018 10:00,56.01
4/26/2018 11:00,58.01
4/26/2018 12:00,59.23
4/26/2018 13:00,61.25
4/26/2018 14:00,61.63
4/26/2018 15:00,61.52
4/26/2018 16:00,61.18
4/26/2018 17:00,60.31
4/26/2018 18:00,58.87
4/26/2018 19:00,57.09
4/26/2018 20:00,55.89
4/26/2018 21:00,55.2
4/26/2018 22:00,54.23
4/26/2018 23:00,52.32
4/27/2018 00:00,51.3
4/27/2018 01:00,50.5
4/27/2018 02:00,49.89
4/27/2018 03:00,48.85
4/27/2018 04:00,47.19
4/27/2018 05:00,47.71
4/27/2018 06:00,50.13
4/27/2018 07:00,53.67
4/27/2018 08:00,57.63
4/27/2018 09:00,60.89
4/27/2018 10:00,64.18
4/27/2018 11:00,67.28
4/27/2018 12:00,70.36
4/27/2018 13:00,72.93
4/27/2018 14:00,73.27
4/27/2018 15:00,73.18
4/27/2018 16:00,73.49
4/27/2018 17:00,71.96
4/27/2018 18:00,68.99
4/27/2018 19:00,65.14
4/27/2018 20:00,63.77
4/27/2018 21:00,63.3
4/27/2018 22:00,61.84
4/27/2018 23:00,61.38
4/28/2018 00:00,60.24
4/28/2018 01:00,57.49
4/28/2018 02:00,53.91
4/28/2018 03:00,52.45
4/28/2018 04:00,50.67
4/28/2018 05:00,50.9
4/28/2018 06:00,52.43
4/28/2018 07:00,54.36
4/28/2018 08:00,56.07
4/28/2018 09:00,57
4/28/2018 10:00,59.18
4/28/2018 11:00,61.81
4/28/2018 12:00,62.47
4/28/2018 13:00,64.94
4/28/2018 14:00,66.92
4/28/2018 15:00,67.64
4/28/2018 16:00,67.51
4/28/2018 17:00,68.47
4/28/2018 18:00,67.75
4/28/2018 19:00,65.98
4/28/2018 20:00,64.29
4/28/2018 21:00,61.9
4/28/2018 22:00,59.47
4/28/2018 23:00,58.12
4/29/2018 00:00,57.51
4/29/2018 01:00,57.63
4/29/2018 02:00,56.73
4/29/2018 03:00,55.54
4/29/2018 04:00,54.43
4/29/2018 05:00,52.92
4/29/2018 06:00,55.11
4/29/2018 07:00,61.45
4/29/2018 08:00,65.43
4/29/2018 09:00,69.12
4/29/2018 10:00,72.88
4/29/2018 11:00,76.17
4/29/2018 12:00,76.93
4/29/2018 13:00,78.8
4/29/2018 14:00,79.92
4/29/2018 15:00,79.57
4/29/2018 16:00,79.07
4/29/2018 17:00,76.6
4/29/2018 18:00,73.69
4/29/2018 19:00,63.63
4/29/2018 20:00,63.43
4/29/2018 21:00,61.77
4/29/2018 22:00,55.49
4/29/2018 23:00,54.64
4/30/2018 00:00,52.41
4/30/2018 01:00,53.11
4/30/2018 02:00,51.78
4/30/2018 03:00,50.94
4/30/2018 04:00,49.53
4/30/2018 05:00,49.59
4/30/2018 06:00,52.07
4/30/2018 07:00,54.39
4/30/2018 08:00,56.17
4/30/2018 09:00,58.87
4/30/2018 10:00,61.23
4/30/2018 11:00,62.92
4/30/2018 12:00,64.09
4/30/2018 13:00,64.13
4/30/2018 14:00,61.75
4/30/2018 15:00,62.69
4/30/2018 16:00,61.81
4/30/2018 17:00,60.67
4/30/2018 18:00,58.91
4/30/2018 19:00,56.48
4/30/2018 20:00,53.51
4/30/2018 21:00,50.74
4/30/2018 22:00,48.52
4/30/2018 23:00,47.86